availability_30,availability_60,availability_90,availability_365
0,0,0,0
16,46,76,343
28,58,88,363
30,31,31,243
7,19,33,118
28,47,74,239
27,57,87,362
0,0,0,0
0,0,0,32
10,10,21,296
16,40,67,335
0,0,0,0
0,0,0,93
30,60,90,365
0,0,0,0
0,0,0,0
0,0,0,0
0,0,0,0
14,24,40,220
0,0,0,0
0,0,0,46
28,58,88,178
0,0,0,0
3,19,37,37
5,16,35,265
0,0,0,0
0,0,19,20
30,60,90,365
0,13,43,196
20,45,75,165
30,60,90,365
30,60,90,365
20,29,29,34
0,0,0,0
13,43,62,278
0,0,0,0
0,0,25,26
30,60,90,365
0,0,0,0
12,27,53,321
0,0,0,0
18,41,67,339
18,40,70,345
17,36,55,317
0,0,0,0
0,3,5,5
10,17,26,229
0,10,15,264
0,11,41,316
0,0,0,0
0,0,0,0
24,54,84,174
0,0,0,0
28,58,88,363
22,52,82,357
30,60,90,365
30,60,90,365
0,0,0,0
30,60,90,365
11,41,71,247
0,0,0,0
30,60,90,365
30,60,87,359
30,60,90,365
30,60,90,365
30,60,90,365
0,0,0,0
0,0,0,0
30,60,90,145
0,3,16,246
28,58,88,363
20,50,80,170
20,50,80,135
28,58,88,347
30,60,90,365
0,0,0,0
30,60,90,365
0,0,0,0
5,26,35,228
0,0,0,27
1,6,8,168
11,37,48,267
30,60,90,365
0,3,3,3
30,60,90,365
13,16,27,174
16,42,61,309
12,39,65,65
22,52,82,172
0,0,0,0
0,0,0,0
0,0,0,0
18,29,51,326
0,0,0,0
3,18,41,316
30,60,90,365
24,45,60,309
30,60,90,365
5,35,65,339
0,16,46,314
0,0,0,0
0,0,0,0
0,0,0,0
0,0,0,0
23,44,74,336
5,25,46,214
0,0,0,0
4,10,30,108
30,60,85,360
29,59,89,364
10,10,22,297
30,60,85,360
3,12,24,243
3,5,11,276
0,0,0,0
23,53,83,358
11,17,30,276
20,47,77,352
8,14,27,253
0,0,0,0
9,32,62,62
14,44,74,283
23,53,83,358
11,41,63,329
0,0,0,232
19,22,50,140
28,58,88,88
30,60,90,365
10,29,52,295
19,32,48,211
8,38,68,343
13,16,30,198
5,21,40,215
0,0,0,0
17,47,77,342
28,58,88,363
23,53,83,358
0,0,0,0
0,0,0,0
6,10,12,204
0,0,0,0
0,0,0,0
29,59,84,359
30,60,90,365
0,0,0,0
0,0,0,0
3,26,53,323
0,0,0,0
30,60,90,365
8,10,15,280
1,1,1,66
0,0,0,0
15,42,42,100
5,35,64,64
30,60,90,365
0,0,0,0
0,0,0,0
0,0,0,32
1,9,25,300
12,26,49,317
30,60,90,180
13,18,37,312
29,59,89,364
19,27,38,289
7,24,47,306
30,60,87,267
0,7,13,117
18,48,78,287
2,10,21,272
30,60,90,365
21,36,60,333
23,53,83,173
16,40,70,324
0,0,0,0
1,3,15,142
0,0,0,0
30,60,90,365
23,53,75,75
28,58,88,363
29,50,55,216
0,0,0,42
7,22,51,322
10,19,26,92
8,30,40,275
0,0,0,0
0,0,0,0
30,60,90,365
0,0,0,0
0,0,0,0
30,60,90,365
30,53,70,345
30,60,90,365
0,0,0,0
2,32,62,336
0,0,0,92
0,0,0,157
13,20,42,257
16,46,76,351
1,7,23,291
7,7,16,180
7,11,11,12
0,0,0,0
30,60,90,365
0,0,0,0
22,52,82,357
3,3,16,16
14,21,36,245
6,11,16,266
30,60,90,365
0,0,0,100
0,0,0,0
28,58,83,358
0,0,0,0
7,30,53,322
12,23,32,259
0,26,56,236
0,0,0,0
12,15,23,127
14,35,43,125
3,14,44,130
28,53,82,357
6,27,57,57
14,26,52,258
0,0,0,0
14,25,39,194
30,60,90,365
30,60,90,365
0,0,0,0
0,0,0,0
2,5,27,115
19,48,78,353
4,6,15,182
9,19,32,284
28,58,88,363
0,0,0,0
23,53,83,358
0,0,0,0
0,0,0,0
4,27,57,305
0,0,0,0
0,9,30,143
4,4,10,183
0,0,0,0
7,14,33,33
14,15,15,15
27,57,87,267
26,56,86,361
19,49,79,354
9,30,49,289
30,60,90,180
0,0,0,193
13,43,73,95
4,10,20,270
30,60,90,365
29,42,62,138
2,6,16,135
0,0,0,0
4,8,33,117
2,27,45,109
30,60,90,365
2,6,8,143
2,14,29,179
0,0,0,0
0,0,0,0
25,53,80,155
2,16,41,316
14,35,65,340
11,14,25,80
17,47,77,348
27,57,87,362
0,3,3,3
0,0,0,0
0,0,0,36
0,0,0,0
2,10,28,223
9,30,55,133
4,4,4,214
0,0,0,0
0,6,36,311
0,0,1,219
12,29,59,293
0,0,0,0
7,29,41,154
30,60,90,365
5,35,65,340
0,0,0,0
0,0,0,252
0,0,0,0
0,0,0,180
0,0,0,0
0,0,0,0
0,0,0,0
28,58,88,88
30,60,90,365
0,0,0,0
0,0,0,45
0,0,0,145
0,0,0,0
29,59,89,364
0,0,0,0
5,11,17,158
2,5,21,255
0,0,0,0
0,0,0,0
10,39,69,323
13,33,60,210
12,29,53,328
0,0,0,0
28,58,88,88
28,58,86,233
29,59,89,364
22,45,68,343
30,60,90,365
8,18,35,217
15,41,64,337
28,58,88,178
0,0,0,199
0,0,0,0
0,0,0,0
0,0,0,0
0,0,0,0
27,57,87,362
3,15,21,103
18,48,78,353
0,0,0,0
5,15,28,222
17,47,77,352
0,0,0,0
30,60,90,365
0,0,0,0
0,0,0,0
23,53,83,358
0,0,0,0
21,51,81,356
1,3,9,129
0,0,0,0
13,36,63,232
30,60,90,365
30,60,90,365
13,18,35,301
1,1,3,68
30,60,90,90
22,51,72,338
11,20,39,259
0,0,0,0
28,58,88,363
30,60,90,365
0,0,0,0
25,55,82,354
0,0,0,0
30,60,90,365
0,9,9,262
0,0,0,0
30,60,90,90
0,0,0,0
6,9,34,296
0,0,0,65
23,53,83,358
0,0,0,0
8,14,33,252
16,40,70,250
2,10,23,131
0,0,0,0
3,5,9,218
0,0,0,20
0,0,5,59
0,0,0,0
0,18,25,25
0,0,0,0
19,45,75,75
0,0,0,0
30,60,90,180
28,58,88,88
8,14,29,108
0,0,0,0
3,3,3,3
4,22,52,53
24,54,84,85
3,21,45,320
30,60,90,180
12,41,65,338
20,47,71,346
23,53,83,358
0,13,28,196
30,60,90,365
4,6,9,176
12,32,55,313
16,34,50,249
7,10,32,155
4,14,37,312
0,0,0,0
1,5,30,290
30,60,90,365
19,49,79,354
0,0,0,0
30,60,90,365
0,0,8,283
29,59,89,364
0,8,32,251
29,59,89,364
0,0,0,0
22,34,54,329
4,24,49,49
0,0,0,0
22,33,53,280
9,39,69,256
4,11,18,152
0,0,0,0
0,0,0,33
0,0,0,0
5,35,65,340
17,40,58,316
9,19,34,77
0,0,0,0
30,57,79,343
0,0,0,0
0,0,0,0
0,0,0,0
0,0,0,0
2,2,29,296
30,60,90,347
25,55,85,321
0,0,0,0
0,0,0,0
28,58,88,363
23,53,83,358
5,9,13,43
7,30,60,80
0,0,0,163
0,0,0,0
0,0,0,0
0,0,0,0
0,0,0,0
6,30,46,280
0,0,0,0
0,0,0,0
0,16,30,120
16,46,73,348
10,25,55,261
2,4,14,252
0,0,7,144
26,56,86,361
0,0,0,0
0,0,0,0
26,56,86,361
9,39,69,329
23,53,83,358
30,60,90,365
22,45,67,310
7,16,22,191
11,32,57,321
2,24,51,56
10,34,64,137
0,0,0,0
21,33,43,286
0,0,0,17
20,50,80,340
30,60,90,365
30,60,90,270
22,52,82,348
23,53,83,358
0,0,0,0
0,0,0,0
16,33,33,220
30,60,90,365
12,42,72,347
14,29,59,334
29,59,89,357
0,0,0,0
8,20,29,295
29,59,89,364
29,59,89,324
0,3,12,132
23,53,83,358
0,0,0,0
0,0,0,0
22,52,82,357
24,51,75,230
14,44,74,349
9,14,37,305
26,43,71,92
4,11,29,289
0,0,0,0
6,28,53,328
0,0,0,0
2,7,13,176
0,0,0,0
14,33,63,334
0,0,0,0
3,4,14,96
1,1,20,271
3,21,44,282
4,12,35,225
30,60,90,365
29,59,89,89
2,24,45,306
30,60,90,365
5,33,42,298
15,35,62,84
23,53,83,358
14,35,40,235
8,26,49,63
8,16,39,286
15,44,66,339
16,27,47,73
8,38,61,297
28,58,88,88
30,60,90,365
0,0,0,0
0,0,0,0
0,0,0,0
0,0,0,0
28,58,88,363
0,0,0,0
12,23,26,291
4,27,57,332
0,0,0,0
7,35,65,155
0,0,0,0
29,59,89,89
4,11,27,272
23,51,81,304
6,29,46,46
23,53,83,173
0,16,46,183
30,60,90,365
30,60,90,365
0,0,0,0
0,0,0,0
10,15,30,286
27,57,87,362
30,60,90,365
0,0,0,0
30,60,90,365
4,15,24,245
20,50,80,133
4,23,53,325
8,12,14,14
0,11,38,39
0,1,3,112
10,10,10,48
10,40,70,209
23,53,83,83
29,59,89,364
30,48,66,322
25,55,85,308
4,10,37,306
30,60,90,365
23,53,83,358
30,60,90,365
11,29,59,149
29,59,89,364
0,0,0,0
29,59,89,364
0,0,0,0
0,0,0,0
14,31,61,336
28,58,88,363
23,40,70,70
8,29,52,135
0,0,0,0
23,53,75,311
13,19,40,122
27,57,87,177
0,0,0,188
3,9,24,259
0,0,0,226
0,0,0,0
12,39,66,338
0,0,0,0
21,38,68,342
0,0,0,0
30,60,90,365
9,39,69,69
30,60,90,365
0,0,0,0
27,57,87,362
0,0,0,0
0,0,0,0
0,0,0,0
0,0,0,0
7,13,21,229
24,54,84,359
3,3,3,3
0,0,0,0
26,52,82,347
10,40,70,71
23,53,83,83
30,60,90,365
8,26,56,137
0,0,0,0
0,25,55,330
0,0,0,0
0,11,36,200
7,9,10,73
0,0,0,179
3,18,30,205
0,0,1,210
0,0,0,0
0,16,45,45
17,42,69,341
21,51,81,159
9,39,69,344
5,21,37,37
16,29,29,160
24,24,24,242
0,0,0,0
29,59,89,89
4,14,37,205
29,59,89,364
5,15,45,226
0,0,0,0
0,0,0,0
0,0,0,0
19,41,64,150
30,60,90,365
25,45,50,276
2,8,17,58
4,10,22,233
0,0,0,0
8,26,26,26
0,0,0,0
0,0,0,0
11,38,59,301
0,0,0,0
4,15,40,128
0,0,0,0
0,0,0,0
0,0,0,0
0,0,0,0
0,0,0,0
0,0,0,0
6,31,61,151
29,59,89,89
0,0,0,0
2,15,45,45
4,7,25,31
0,8,24,169
0,0,0,249
0,0,0,0
0,0,0,207
18,47,64,334
26,56,86,361
0,15,15,144
27,57,87,362
0,0,0,0
0,0,0,0
11,37,67,155
30,60,90,365
0,3,24,105
0,0,0,0
26,56,71,315
0,0,0,0
10,40,70,345
1,26,52,52
8,8,8,8
5,30,60,319
0,0,0,0
0,0,0,0
0,5,16,95
30,60,90,90
0,0,0,0
0,0,0,0
0,5,5,108
28,58,88,88
0,0,0,0
0,0,0,0
21,23,23,79
23,39,65,321
0,0,0,0
2,2,2,251
0,0,0,0
25,55,85,355
3,3,3,28
0,0,0,0
29,59,89,364
1,5,8,184
29,59,89,364
5,15,21,229
29,59,89,89
23,53,83,358
25,55,85,172
3,3,6,199
0,0,0,0
30,60,90,365
1,11,36,36
18,18,18,18
5,20,39,284
30,60,90,365
28,58,88,363
20,36,44,72
0,2,13,60
0,0,0,47
0,0,0,0
5,35,65,335
30,60,90,365
0,0,0,0
29,59,89,364
0,0,0,0
0,0,0,0
29,59,89,364
0,0,0,0
27,57,87,87
0,0,0,0
6,29,59,148
0,0,0,0
4,34,64,339
0,0,0,0
0,0,0,0
6,23,49,309
1,1,5,116
6,19,42,187
6,10,22,170
0,0,0,262
0,0,0,1
13,30,56,273
8,33,63,320
0,0,0,0
0,0,0,0
28,58,88,363
0,0,0,0
0,0,0,0
30,60,90,365
28,58,88,88
0,0,0,46
0,0,0,0
30,60,90,365
22,44,72,166
0,0,0,0
6,36,41,271
28,58,88,363
0,0,0,0
20,50,80,352
27,57,87,361
28,57,87,353
0,0,0,0
15,30,44,273
27,57,87,341
0,0,0,36
0,2,27,235
0,0,0,0
0,26,56,222
28,58,88,178
13,36,66,156
0,0,0,0
0,0,0,0
4,8,12,209
13,19,30,219
29,59,89,89
0,0,0,0
0,1,2,97
29,59,89,179
30,60,90,365
0,0,0,0
0,0,0,0
5,25,49,75
7,10,26,228
5,24,54,329
0,0,0,0
0,0,0,0
8,21,39,120
0,0,0,0
20,50,80,170
0,4,5,68
0,0,0,0
25,29,59,222
17,30,44,285
8,9,20,252
14,14,14,14
19,45,75,350
2,4,5,98
27,57,87,362
29,59,89,364
6,36,66,341
22,52,82,82
9,39,63,323
17,38,57,325
7,13,30,238
0,24,54,329
2,26,56,331
30,60,90,365
8,15,17,274
0,0,0,0
0,0,0,0
0,1,6,198
0,0,0,0
29,59,89,364
9,24,44,310
8,14,29,81
4,14,26,297
4,9,15,17
0,0,0,211
12,14,26,97
8,15,20,253
15,30,30,254
25,55,85,360
30,60,90,365
2,6,8,202
0,0,0,0
9,27,48,287
8,20,25,152
11,41,59,324
4,34,64,339
0,0,0,0
3,4,6,96
0,0,0,0
0,0,0,0
6,27,57,302
3,12,32,282
0,5,5,48
0,0,0,10
0,0,13,243
29,59,89,364
30,60,90,90
29,56,82,247
0,0,0,216
0,0,0,72
0,0,0,221
29,59,89,364
0,0,0,0
30,60,90,365
30,60,90,90
25,55,85,175
0,0,0,0
0,0,0,0
18,31,52,52
29,59,89,364
0,0,0,0
21,41,53,53
21,51,81,356
0,0,0,0
30,60,90,365
29,59,89,364
10,40,70,300
6,27,57,57
4,17,30,234
4,12,28,179
0,0,0,0
5,32,62,152
0,9,39,314
30,60,90,365
8,26,50,320
0,0,0,0
28,58,88,363
0,0,0,202
15,35,64,154
30,60,90,350
0,0,0,0
0,0,0,0
1,10,30,91
30,60,90,336
0,0,0,0
28,58,88,88
0,0,0,0
28,58,88,363
0,0,0,0
28,58,88,363
30,60,90,365
1,12,19,146
23,53,83,358
0,0,0,0
3,17,32,106
10,26,49,262
26,46,62,330
21,46,76,76
20,44,74,74
0,0,0,192
11,41,71,310
0,0,0,66
0,5,34,34
0,0,0,0
7,25,54,54
18,45,75,344
0,0,26,301
14,32,53,309
30,60,90,365
29,59,88,88
0,0,0,220
0,11,41,131
27,57,87,362
28,55,83,226
30,60,90,365
0,0,4,4
30,54,83,358
28,56,56,295
5,8,11,237
10,19,32,299
23,44,68,343
0,0,9,38
14,44,74,349
30,60,90,361
23,35,48,103
12,42,64,333
18,48,78,353
30,60,90,365
4,18,41,288
6,27,57,315
0,0,0,0
5,13,30,305
0,0,0,0
4,11,27,234
22,34,54,306
14,35,65,340
0,0,0,0
0,12,42,133
0,0,0,0
29,59,89,364
30,60,90,90
29,59,89,364
14,21,36,253
2,10,12,250
1,4,30,231
0,0,0,0
21,51,76,254
26,56,86,361
2,4,4,212
21,51,81,171
11,21,49,106
0,0,0,272
2,7,9,217
19,24,54,326
3,3,3,237
23,53,83,83
0,0,0,0
3,3,3,3
0,28,46,284
5,13,41,242
3,22,49,303
11,15,26,301
29,59,89,364
2,4,13,61
1,7,30,113
0,0,0,65
0,0,0,0
17,43,53,209
0,0,0,0
30,60,90,365
0,6,8,229
10,24,54,130
8,15,45,302
0,0,0,0
2,32,62,337
29,59,89,179
4,4,4,172
12,35,52,291
25,55,85,354
4,33,63,175
30,60,84,359
3,3,3,6
0,0,0,78
25,55,85,360
0,2,16,75
6,13,13,169
0,0,0,66
2,2,2,54
29,59,89,334
3,8,15,83
29,59,89,179
0,0,0,0
20,50,80,355
8,10,21,82
0,0,0,0
0,0,0,0
15,20,23,23
8,20,40,101
1,11,41,41
12,21,25,71
5,13,29,270
2,9,19,129
30,60,90,179
19,49,74,74
4,8,16,227
30,60,90,365
0,0,4,170
23,53,83,358
0,0,0,0
24,54,84,359
6,34,59,321
29,59,86,361
0,0,0,253
15,39,62,233
0,0,0,0
30,60,90,179
0,0,0,0
27,57,87,362
2,12,28,262
0,0,0,0
19,41,71,161
0,0,6,183
27,57,87,360
21,51,77,77
0,0,0,0
0,0,0,253
6,11,18,228
5,35,65,66
17,27,33,277
2,19,49,324
12,25,46,291
0,27,44,219
23,53,83,83
9,39,60,126
0,9,39,314
29,59,87,362
27,57,87,362
0,0,0,0
0,0,0,0
27,57,87,362
5,13,27,274
1,5,32,300
23,53,83,84
8,31,61,336
27,57,87,362
19,32,51,239
0,0,0,0
5,19,34,298
12,42,72,338
0,0,0,97
4,4,19,160
6,27,50,312
0,0,0,0
19,49,79,354
0,0,0,0
2,11,26,285
0,16,46,61
19,49,79,79
0,0,4,252
23,53,83,84
0,0,0,0
29,59,89,364
26,56,86,177
0,0,0,0
28,58,88,363
0,0,0,0
11,25,32,32
29,59,89,355
9,12,12,12
8,30,53,311
13,29,59,325
29,59,89,364
19,27,43,282
25,55,85,352
0,0,0,0
7,30,55,329
0,0,0,0
0,25,55,330
8,17,17,17
7,29,52,134
17,43,65,260
30,60,90,365
23,53,83,84
0,0,0,0
8,20,32,298
5,20,47,246
7,21,51,231
0,0,4,267
12,28,58,279
25,55,85,360
2,2,8,283
0,0,8,31
3,9,21,251
25,49,79,79
30,60,90,179
30,60,90,365
29,59,89,364
0,10,40,315
0,0,0,0
12,35,65,104
28,58,88,363
28,58,88,363
0,0,20,260
0,0,0,0
0,0,0,0
0,0,0,0
29,59,76,344
0,0,0,0
5,24,54,261
0,0,26,44
1,4,7,189
0,0,0,0
9,39,69,328
30,60,90,117
5,11,27,198
0,0,0,0
17,43,64,149
30,60,90,365
0,0,0,0
30,56,86,361
0,0,0,0
26,54,78,325
0,0,0,0
11,35,65,65
0,0,0,0
22,50,78,350
2,3,6,249
0,0,0,0
29,59,89,179
8,38,68,343
26,36,53,301
5,11,23,294
29,59,89,364
0,0,0,0
0,0,0,64
7,23,39,203
23,53,74,337
8,17,29,30
22,43,70,303
24,47,77,352
2,19,27,216
0,0,0,0
0,0,0,0
13,14,32,32
0,0,0,0
0,0,4,269
28,58,88,89
30,60,90,365
12,17,47,138
5,15,39,129
0,10,33,248
5,35,65,340
2,8,13,261
5,10,24,250
0,0,0,0
1,3,33,308
0,1,5,5
14,44,74,74
18,48,78,78
14,44,74,164
0,10,10,44
0,0,0,0
26,56,86,361
7,11,18,88
1,1,9,256
0,0,0,0
3,9,20,119
13,28,58,59
7,9,15,227
28,58,88,88
30,60,90,90
29,59,89,364
0,0,0,0
21,45,74,298
23,53,82,82
4,4,4,4
27,57,87,362
0,0,0,0
2,2,2,2
0,0,0,0
19,19,19,84
15,25,32,280
19,49,79,170
28,58,88,356
27,57,87,178
30,60,90,90
22,46,63,330
16,23,52,76
0,0,0,127
2,3,10,129
30,60,90,365
2,6,6,6
22,52,82,172
1,18,18,18
28,58,88,88
0,0,0,0
5,29,58,333
0,0,0,0
1,20,50,279
0,0,0,0
0,0,0,0
0,0,0,0
5,20,50,320
1,4,23,144
0,0,0,0
13,21,40,298
0,0,0,0
0,0,0,0
12,22,37,170
2,2,29,304
30,60,90,365
10,40,56,316
5,11,33,267
3,3,22,253
6,10,29,182
5,10,40,224
14,30,57,316
0,0,0,0
29,59,89,364
0,0,0,9
4,6,12,42
14,30,37,291
0,0,0,0
5,13,27,107
15,34,46,311
30,60,90,179
0,0,0,0
23,53,54,323
2,17,43,196
11,29,30,30
29,59,89,364
13,30,37,37
0,0,0,0
1,1,30,30
8,16,29,154
11,29,57,264
4,21,51,141
29,59,89,89
4,4,4,4
7,36,66,341
5,30,47,122
30,60,90,365
14,15,19,268
7,7,7,7
3,6,11,80
4,16,44,44
21,40,64,107
0,0,0,0
11,22,34,156
23,51,81,352
0,0,0,0
0,0,0,0
13,13,13,207
6,23,47,311
30,60,90,365
4,4,4,4
17,47,73,327
0,0,0,0
0,0,0,0
10,16,28,293
0,0,0,0
0,0,0,0
21,46,73,345
4,20,46,47
30,60,90,365
28,58,88,363
0,0,0,0
0,0,0,0
8,17,44,230
15,45,74,74
0,0,0,0
0,0,0,0
23,53,83,358
28,58,88,363
4,14,22,280
2,5,6,207
11,15,15,16
0,0,0,0
30,60,90,90
0,0,0,0
30,60,90,365
0,0,0,0
28,58,88,88
30,60,90,180
23,53,83,358
0,0,0,109
10,34,64,154
0,0,0,0
0,0,0,0
0,0,0,0
29,59,89,89
17,47,77,229
22,52,82,82
11,17,24,210
0,0,0,0
30,60,90,180
7,7,17,203
17,27,27,27
5,6,26,301
0,0,0,0
4,8,14,270
0,0,0,0
5,35,65,155
4,24,54,187
6,13,22,22
9,21,49,72
0,0,0,0
0,0,0,0
25,47,73,164
0,0,0,0
0,0,0,0
16,37,59,334
15,45,71,341
6,12,20,88
0,0,0,0
0,0,0,0
28,58,88,363
7,37,67,277
0,0,0,0
30,60,90,365
27,57,87,109
0,0,0,0
0,0,0,0
0,0,0,40
0,0,0,270
1,1,6,148
5,5,5,5
10,32,56,146
0,0,0,0
0,0,0,250
0,8,22,223
3,10,19,40
0,0,2,277
0,10,14,70
30,60,90,90
0,0,0,0
0,0,0,0
22,52,63,283
0,0,0,0
3,15,19,227
0,4,4,4
0,15,15,100
0,0,0,0
19,49,79,317
5,16,23,153
0,18,48,139
8,30,41,293
0,0,0,0
2,3,3,3
0,0,24,294
4,18,41,281
8,14,19,135
0,0,0,0
14,32,59,142
0,4,4,4
0,0,0,0
23,46,76,351
3,26,56,300
0,0,3,278
0,0,0,0
10,19,23,225
30,60,90,365
4,9,15,101
0,0,0,0
30,60,90,180
5,23,45,192
2,18,18,18
0,0,30,90
0,0,0,0
25,53,83,173
20,44,67,296
3,3,3,3
24,54,84,169
29,59,89,179
28,58,88,359
0,1,4,86
29,59,89,179
6,14,40,312
29,59,89,89
0,0,0,0
0,0,0,0
0,27,57,332
0,0,0,0
24,52,82,357
24,54,84,359
0,0,0,0
7,20,50,250
0,0,0,0
16,46,76,351
13,32,62,323
0,0,3,212
19,49,79,79
9,32,54,314
24,54,84,84
0,0,0,0
0,7,7,18
4,8,19,256
26,56,86,361
7,20,39,122
0,0,0,0
7,12,20,118
0,0,8,283
30,60,90,212
30,60,90,180
21,51,81,356
0,0,0,0
0,0,3,118
7,21,31,251
20,36,66,66
0,29,59,334
3,5,11,174
0,0,0,0
0,13,18,108
25,54,83,358
6,28,28,28
23,53,83,358
28,58,88,89
29,59,81,81
3,4,34,105
10,23,38,309
4,4,4,12
30,60,87,354
6,20,31,278
30,60,90,365
0,0,0,1
10,11,27,175
2,5,7,209
24,49,62,337
13,17,32,307
0,0,0,0
29,59,89,89
0,0,0,46
17,47,77,352
0,0,0,0
30,51,79,323
3,6,19,158
0,6,10,81
24,54,76,310
0,0,0,0
0,0,0,36
30,60,90,359
10,35,53,226
2,10,40,315
0,0,0,0
6,25,25,25
0,0,0,0
7,20,37,290
27,57,77,318
0,0,0,267
0,0,2,148
4,22,43,220
0,0,0,0
0,22,22,22
0,0,0,0
13,40,70,314
0,0,0,0
0,12,42,132
30,60,90,361
0,0,0,0
16,42,67,264
30,60,90,322
1,10,27,266
0,0,0,0
20,49,79,354
17,47,77,298
0,0,0,245
0,0,0,0
3,5,5,223
4,24,54,54
0,0,0,0
0,6,36,311
0,0,0,0
7,23,53,144
7,15,21,166
21,51,81,81
30,60,90,240
0,2,6,147
17,47,75,330
21,51,81,356
0,0,9,181
11,15,45,135
6,25,55,330
29,59,89,355
17,47,77,352
24,54,84,84
28,58,88,363
19,49,79,80
0,0,0,165
12,35,65,337
24,47,63,324
7,7,9,9
30,60,90,365
0,0,0,0
0,0,0,0
21,45,64,296
0,0,0,0
0,0,0,0
23,53,83,83
20,26,26,26
14,28,41,221
22,42,72,163
1,12,26,298
0,0,0,0
0,0,0,0
2,2,2,189
27,41,71,346
20,20,20,226
29,59,89,364
17,33,58,289
3,5,11,160
9,13,43,43
21,44,74,74
0,0,0,0
16,25,50,91
0,0,0,0
28,52,70,106
28,51,76,293
6,13,13,246
12,36,66,341
13,33,63,338
22,46,60,146
19,49,79,351
7,16,35,286
8,18,44,44
15,39,69,339
0,2,20,251
0,0,0,0
27,57,87,362
19,49,79,79
0,0,0,0
19,43,73,73
18,40,63,153
2,14,25,189
4,8,16,26
17,47,77,352
0,0,0,0
0,0,0,0
2,26,27,291
19,41,69,242
0,0,6,91
29,59,89,89
20,47,71,314
5,5,5,5
8,19,49,324
7,17,23,35
0,0,0,5
15,24,47,123
27,54,84,359
15,33,48,297
11,35,65,336
0,23,53,53
15,19,25,25
0,0,0,0
7,33,59,334
19,45,75,166
2,16,39,272
30,60,90,365
19,19,19,236
0,0,0,0
10,38,68,68
28,58,88,284
0,29,59,326
13,31,54,151
0,5,17,281
0,0,0,0
21,38,68,343
0,0,0,0
17,39,69,344
0,0,0,0
0,0,0,0
8,21,51,275
30,60,90,90
3,8,12,194
0,0,0,0
21,43,67,281
8,28,58,145
0,11,28,223
0,0,0,0
25,53,65,65
0,0,0,0
11,41,71,162
8,24,51,322
0,0,0,183
0,0,0,132
11,11,11,11
0,0,0,0
20,50,76,329
0,0,0,0
28,55,85,163
21,46,71,332
30,60,90,90
0,0,0,151
0,0,0,0
6,24,35,258
10,16,32,39
19,32,43,294
0,9,28,296
30,60,90,365
0,0,0,0
30,60,90,365
0,0,0,0
30,60,90,365
13,41,71,338
0,0,0,0
0,0,0,0
13,22,31,216
0,0,3,3
29,59,89,352
30,60,90,365
4,16,27,179
30,60,90,176
29,59,89,89
25,55,85,360
0,0,0,0
3,9,15,51
10,10,14,283
0,0,0,0
5,12,27,295
30,60,90,365
0,0,0,100
6,22,52,77
0,0,0,0
0,0,0,0
0,0,0,0
27,53,83,172
1,17,33,291
17,35,56,315
22,52,82,82
21,21,47,229
24,54,84,359
0,0,0,0
6,6,8,8
0,0,0,0
30,59,81,356
2,13,26,179
30,60,90,365
5,19,31,38
11,13,30,247
29,59,89,89
3,6,22,147
14,14,34,240
0,0,0,0
9,39,69,159
4,26,56,147
3,21,48,237
13,15,21,200
0,0,0,15
30,60,90,324
28,58,88,113
0,0,0,0
23,50,78,352
0,0,0,0
7,28,58,318
30,60,90,90
30,60,90,90
12,28,51,296
15,33,57,265
10,40,70,345
13,13,13,72
7,32,53,144
1,1,16,16
17,26,34,232
4,8,19,230
0,0,0,0
0,0,0,0
13,43,73,341
15,31,35,35
0,0,0,0
29,59,89,364
3,10,26,236
30,60,90,365
16,39,69,304
28,58,87,148
0,0,0,0
0,0,0,0
1,31,61,336
2,5,17,56
0,0,0,0
30,33,33,33
27,57,87,88
0,0,0,0
0,0,0,0
0,0,0,0
9,9,9,9
5,6,22,39
30,60,90,365
11,12,12,48
30,60,90,143
21,51,78,346
6,20,50,177
0,0,0,0
4,9,26,217
4,6,11,40
0,0,0,264
3,15,26,234
4,9,23,261
5,17,32,306
0,0,0,0
30,60,90,365
0,0,3,5
12,12,12,119
2,8,8,8
12,29,39,111
5,35,65,297
2,6,11,29
5,30,60,335
0,0,0,0
0,0,0,0
27,57,87,88
27,57,87,88
6,16,40,315
30,60,90,164
0,0,0,0
0,0,0,0
0,0,0,0
18,40,51,299
29,59,89,364
18,38,57,235
0,0,0,0
18,25,37,37
23,53,83,348
30,44,70,70
30,60,90,365
0,0,0,0
17,47,77,77
5,35,65,156
10,31,57,203
20,50,72,347
0,0,0,33
6,11,11,141
4,6,11,172
0,0,0,0
25,55,82,107
0,30,46,254
0,0,0,0
4,34,64,154
21,44,67,201
0,0,0,0
29,59,89,179
27,57,87,362
9,14,16,65
23,53,83,83
0,0,0,0
0,0,0,0
0,0,0,0
10,40,48,107
29,59,89,89
12,18,33,114
0,0,0,0
29,59,89,364
9,23,46,252
29,51,81,356
14,44,74,246
0,0,0,0
11,20,20,20
0,0,0,0
0,0,0,262
3,13,30,75
30,60,87,351
28,58,83,357
0,0,0,250
30,60,90,365
17,42,42,83
1,31,61,61
0,0,0,0
25,50,80,355
14,38,60,308
0,13,43,318
30,60,90,362
2,4,34,197
0,0,0,0
0,0,0,0
6,19,49,139
9,22,45,246
0,0,0,0
29,59,89,263
16,46,76,351
23,53,83,358
10,35,57,316
0,0,0,0
11,18,23,99
0,0,0,0
11,41,71,314
6,15,21,67
3,12,22,263
8,9,9,9
0,0,0,0
0,18,48,323
10,28,50,50
27,57,87,87
23,53,83,127
23,53,83,358
23,53,81,229
7,16,42,76
12,42,68,318
29,59,89,179
30,60,90,365
0,0,0,138
4,34,64,339
0,0,0,48
11,18,23,207
3,6,17,169
27,49,79,350
0,0,0,0
0,5,21,194
0,0,0,0
29,59,89,364
21,51,81,160
5,35,65,339
18,29,50,203
0,0,0,0
0,0,0,0
0,0,5,123
7,30,60,311
8,19,36,116
0,0,0,0
15,35,55,180
9,39,69,344
13,43,71,340
0,0,0,0
0,0,0,0
24,51,81,228
0,0,0,261
30,60,90,365
0,0,0,0
0,0,0,0
26,56,86,86
30,60,90,180
0,0,0,0
0,0,8,8
0,0,20,295
0,0,1,260
6,23,45,45
0,0,16,291
9,39,69,344
4,23,53,328
10,40,70,160
23,53,83,358
4,4,4,4
8,34,48,281
4,11,16,221
28,58,88,88
0,0,0,0
0,0,0,0
0,0,0,0
15,41,65,189
17,42,42,84
11,17,45,249
5,15,36,210
0,0,0,0
0,0,0,0
1,22,43,252
2,3,6,180
0,0,19,185
29,59,89,179
24,54,84,315
0,0,0,0
0,0,0,0
18,48,78,353
30,60,90,238
0,0,0,0
7,23,29,266
0,0,5,20
13,35,61,327
23,23,23,23
0,0,0,0
0,0,0,42
27,57,87,87
1,1,1,1
12,12,12,12
4,14,31,212
29,59,89,357
6,8,18,232
0,0,0,0
0,0,0,96
0,0,0,0
1,1,1,2
0,0,0,0
0,0,0,0
8,20,38,288
0,0,0,0
0,13,40,310
0,0,0,0
12,25,35,223
0,0,0,0
0,2,26,297
0,0,0,259
5,12,29,223
0,3,20,32
0,0,0,1
0,5,24,299
0,0,0,0
30,60,90,365
21,22,29,47
29,59,89,364
9,23,45,291
0,0,0,0
4,19,43,43
29,59,89,364
10,21,27,89
24,44,62,125
30,60,90,365
29,59,89,179
0,0,0,0
0,0,0,0
8,22,35,202
0,6,36,311
0,0,0,0
23,47,71,274
0,8,18,229
30,60,86,338
15,26,51,115
0,0,0,0
0,0,0,0
0,0,0,0
1,6,24,204
13,34,59,64
0,0,0,0
30,60,90,365
0,0,0,0
0,0,0,126
0,0,0,0
4,21,39,39
0,0,0,0
23,45,72,191
0,0,0,64
27,57,83,83
0,0,0,0
9,35,62,319
0,0,0,0
2,3,10,144
0,0,0,0
3,22,35,286
30,60,90,271
0,0,0,0
0,0,0,0
20,45,45,45
3,5,17,267
0,0,0,7
5,24,54,329
0,0,0,0
0,0,0,0
2,2,2,2
28,58,88,179
27,57,87,362
0,0,0,0
18,18,24,299
0,0,0,0
20,21,21,82
0,0,0,0
20,50,75,350
1,14,44,308
0,0,0,0
0,0,0,0
9,9,9,9
29,59,89,179
1,3,4,99
28,58,88,363
0,0,0,0
23,48,63,63
10,40,70,70
29,59,89,179
0,0,0,0
9,22,44,306
30,60,90,365
18,37,64,193
29,59,89,269
0,0,0,0
0,0,0,0
0,0,0,0
0,0,0,0
2,4,7,29
0,0,0,0
0,23,53,144
0,4,34,309
29,59,89,89
23,38,53,116
12,39,62,69
0,0,0,0
6,11,41,316
0,0,20,84
0,0,0,0
28,58,88,88
23,53,83,83
0,0,0,0
9,36,60,145
9,25,43,124
0,0,0,0
0,0,0,0
0,5,35,308
17,47,77,167
10,29,48,183
30,60,90,180
1,2,7,238
0,0,0,0
1,2,32,307
13,29,50,238
21,51,81,356
4,5,14,224
0,0,16,16
0,0,0,0
0,0,0,0
15,32,32,196
6,17,42,69
12,29,59,293
30,60,90,365
16,29,49,205
0,0,0,0
0,0,0,251
30,60,90,364
0,0,0,0
30,60,90,90
27,57,87,362
26,56,86,234
0,0,0,0
13,33,45,135
24,44,59,59
29,59,88,88
0,19,19,19
12,42,72,347
0,0,0,222
5,7,13,171
16,24,33,267
0,0,0,0
5,34,48,250
25,55,85,98
16,38,63,335
7,32,59,59
0,0,0,2
4,10,32,32
30,60,90,90
23,53,83,83
0,0,0,0
20,20,43,52
22,45,68,128
8,32,62,82
11,28,51,71
0,0,0,0
30,60,90,365
28,58,88,88
0,0,0,64
0,0,0,190
3,4,17,185
25,55,85,85
24,44,66,272
0,0,0,81
0,0,0,157
18,34,61,258
30,60,90,365
19,49,79,354
0,0,0,0
0,0,0,0
0,0,0,0
8,8,8,8
29,59,89,364
15,31,42,274
30,60,90,365
24,54,84,173
2,11,21,21
26,56,86,361
12,34,61,319
21,51,81,171
0,0,0,138
0,0,0,0
0,0,4,28
11,25,31,244
14,33,59,84
29,59,89,89
4,12,28,282
0,0,0,0
15,45,75,107
13,21,21,21
30,60,90,324
30,49,79,354
5,7,13,244
0,0,0,83
23,53,83,172
30,60,90,90
0,0,0,0
10,16,37,211
11,34,64,64
26,53,77,330
0,0,0,0
0,0,0,0
29,59,89,364
15,42,72,347
6,6,6,6
18,48,78,78
0,0,0,0
0,6,32,80
19,38,52,74
29,59,89,364
24,54,84,163
0,16,44,253
28,58,88,88
28,58,88,363
18,48,77,156
28,58,86,326
0,0,0,0
0,0,0,0
4,11,22,70
0,4,31,51
12,39,60,331
0,0,0,0
0,0,0,0
5,14,19,219
28,58,88,88
29,59,89,364
18,48,78,332
18,35,46,46
21,51,79,254
0,0,0,123
30,52,82,357
0,0,0,0
1,1,3,7
4,5,13,186
29,59,89,354
0,0,0,0
0,0,0,218
15,31,61,336
30,60,90,365
0,0,0,0
0,0,0,0
30,60,90,180
30,60,90,365
30,60,90,365
5,13,17,168
0,0,0,40
0,0,0,0
0,0,0,253
29,59,89,179
30,60,90,365
1,1,23,237
5,34,49,324
4,15,31,185
16,39,69,69
22,42,66,152
0,0,0,0
16,38,68,68
30,60,90,180
30,60,90,292
6,36,66,341
0,0,2,2
6,31,52,323
19,19,19,182
30,60,90,90
29,59,89,364
20,26,52,260
10,33,63,333
0,6,11,168
14,36,66,329
5,27,34,35
0,0,0,0
0,0,0,0
20,36,66,330
0,0,0,0
0,0,0,0
30,60,90,180
20,43,69,344
27,53,83,344
8,18,27,111
17,47,75,333
0,0,0,4
28,58,88,363
0,0,0,0
12,21,21,62
0,0,0,0
25,55,85,360
10,25,55,330
0,0,0,0
0,0,0,0
29,59,89,364
5,22,45,304
22,52,82,357
0,0,0,0
30,60,90,365
19,40,40,40
23,41,52,258
0,0,0,131
9,36,61,224
14,14,14,256
9,25,55,297
4,4,4,4
21,42,63,327
3,33,63,338
0,0,0,0
6,18,30,121
14,34,50,250
0,19,49,324
15,39,58,150
0,0,0,0
16,39,69,317
0,0,0,0
30,60,90,365
11,32,62,63
1,5,15,15
0,0,0,0
20,48,78,111
2,4,19,203
0,0,0,0
1,12,25,279
0,0,0,0
26,56,86,361
29,59,89,89
0,0,0,0
1,1,1,188
2,3,7,82
0,0,0,0
30,60,90,365
14,40,55,166
15,45,75,165
3,15,35,275
15,45,60,323
0,0,0,0
0,0,0,0
11,32,59,330
0,0,0,0
25,50,72,72
0,4,34,309
0,0,0,0
20,50,73,336
0,0,0,0
24,32,41,310
30,60,90,180
0,0,0,0
30,60,90,365
0,0,0,220
9,39,69,69
20,20,20,20
5,12,30,226
0,0,0,0
14,14,14,96
0,0,0,0
0,0,0,0
29,59,89,364
0,0,0,61
30,60,90,365
28,58,88,88
0,0,0,0
29,59,89,355
0,0,0,0
0,7,7,24
0,4,34,34
27,57,87,362
0,3,21,292
0,0,0,67
26,56,86,361
12,16,25,254
15,19,31,232
14,28,50,179
27,44,71,333
6,28,43,250
4,5,10,23
30,60,90,365
23,53,83,83
30,60,90,365
30,60,90,365
0,0,0,0
0,0,0,0
4,24,44,274
17,39,69,249
29,59,89,364
0,0,0,0
18,18,48,323
0,0,0,0
5,13,31,238
3,3,3,3
7,37,67,342
30,58,88,356
16,23,45,135
11,41,71,146
20,34,52,303
9,25,55,55
20,20,20,20
29,59,89,179
16,39,64,189
29,59,89,180
27,57,87,362
5,21,41,316
21,31,45,299
27,55,66,66
17,29,40,291
5,35,65,340
0,15,45,316
9,16,23,278
28,58,88,363
0,0,0,0
0,0,0,0
19,49,56,56
0,0,0,0
0,0,0,0
30,60,90,91
22,51,79,159
0,0,0,0
12,28,30,247
7,19,19,19
0,0,4,185
10,40,70,160
9,26,35,95
0,0,0,0
1,1,1,1
0,0,0,0
26,47,77,168
0,0,0,0
11,27,57,301
12,42,72,292
29,59,89,364
0,0,0,0
18,48,78,353
0,0,0,0
21,45,61,323
0,0,0,0
27,57,87,87
20,50,80,355
30,60,90,90
0,0,0,0
0,0,0,0
29,59,89,179
27,57,81,166
0,0,0,92
17,47,77,167
23,47,71,150
15,37,67,155
27,57,87,177
4,4,4,10
30,60,90,365
30,60,90,181
30,60,88,358
30,60,90,365
2,6,9,70
6,7,28,32
0,0,0,0
30,60,90,365
0,0,0,0
0,0,0,0
27,57,87,362
2,16,29,97
23,53,75,75
0,0,0,0
0,0,0,0
14,26,34,69
0,18,48,137
0,6,36,311
29,59,89,364
4,7,12,180
20,20,20,20
0,0,0,0
0,0,0,0
30,60,90,118
26,45,75,166
19,49,79,352
21,48,71,326
0,6,33,276
0,0,0,0
2,9,25,280
30,60,90,365
0,0,0,0
26,56,71,331
0,10,17,200
8,38,68,248
0,0,0,0
0,0,0,73
30,60,90,180
0,0,0,0
0,0,0,0
0,0,0,0
0,0,0,30
23,44,65,226
10,38,68,158
12,35,61,262
3,13,22,103
0,0,0,0
5,26,52,244
0,18,48,323
30,60,90,365
0,0,0,0
1,5,12,166
20,50,79,253
30,58,88,88
0,0,0,0
0,0,0,0
0,0,0,0
15,43,71,212
9,39,69,69
0,0,0,0
6,32,54,74
19,46,73,163
0,0,0,0
17,23,37,290
30,60,90,90
28,58,88,363
0,0,0,0
9,32,62,119
2,3,3,3
12,36,65,149
0,0,0,0
0,0,0,0
4,34,64,339
0,0,0,0
0,0,0,0
5,23,53,54
26,44,74,341
0,0,0,65
9,39,67,223
0,1,1,1
0,0,0,0
0,0,0,0
5,5,5,199
0,0,0,0
0,0,0,0
0,1,11,68
6,30,59,141
0,3,3,69
3,3,8,8
0,0,0,0
9,9,9,9
23,53,83,358
25,55,85,175
9,35,57,211
23,53,83,358
0,0,0,0
0,0,0,0
29,59,89,179
0,0,0,0
0,0,0,0
0,0,0,0
5,8,18,226
0,0,0,0
0,6,18,236
0,0,0,0
0,0,0,0
0,0,0,0
23,53,83,174
9,31,61,211
25,55,69,268
2,6,12,181
9,34,60,129
8,38,68,152
28,58,88,363
0,0,0,0
0,0,0,10
0,0,0,0
0,0,0,0
25,55,85,175
4,15,15,15
0,0,0,0
30,60,90,365
22,52,82,323
0,0,0,0
28,55,82,158
0,0,0,0
0,0,0,0
9,37,56,303
0,0,0,0
7,30,60,60
6,25,51,52
30,60,90,270
0,0,0,0
30,60,90,180
23,52,82,357
1,10,30,242
0,0,0,0
0,0,0,192
0,0,0,0
22,46,46,47
0,0,1,1
2,2,22,211
5,13,19,236
19,45,75,350
8,21,37,112
0,0,0,0
2,26,51,299
16,22,38,189
0,0,0,0
14,25,25,25
1,19,41,111
29,59,89,90
0,5,35,123
8,20,24,151
30,60,90,365
0,11,23,59
1,11,11,59
30,60,90,311
0,1,31,306
0,0,0,0
19,41,51,255
19,49,79,354
20,49,68,158
0,0,0,0
27,57,87,178
4,13,41,132
2,18,28,244
14,44,74,349
0,0,0,0
0,0,0,0
30,60,90,361
12,29,59,85
16,40,68,158
20,50,76,287
0,0,0,0
0,0,0,0
30,56,83,173
15,45,75,247
6,9,10,270
0,0,0,0
22,42,72,330
11,34,64,319
3,25,55,137
18,41,71,346
0,0,0,0
0,0,0,0
0,0,0,0
27,57,87,87
30,60,90,365
0,0,2,247
30,60,82,82
11,11,11,75
0,0,0,0
26,47,47,47
30,60,90,90
9,35,65,333
0,0,0,255
14,21,28,163
0,0,0,0
0,0,0,0
30,60,90,365
2,10,18,225
0,0,20,20
9,13,13,20
0,20,50,50
1,16,46,46
7,33,63,153
29,59,89,89
30,60,82,322
15,36,66,156
11,22,52,142
0,0,0,0
11,30,41,237
0,9,39,39
0,0,0,0
30,60,90,90
8,21,51,51
7,17,17,17
0,0,0,211
29,59,89,179
30,60,90,365
0,0,0,0
24,54,64,305
11,34,58,295
30,60,76,206
8,18,19,19
1,1,27,281
0,0,0,0
0,5,35,310
13,28,28,232
0,0,0,0
16,35,49,306
0,0,0,0
30,60,90,90
30,60,90,365
22,52,82,357
13,30,38,263
0,0,0,0
7,13,29,280
20,41,71,219
0,0,0,225
0,0,0,0
0,0,0,0
0,0,0,0
0,0,0,0
0,0,0,0
0,0,0,0
30,60,90,365
0,5,21,103
17,44,68,100
2,5,11,176
0,0,0,0
0,0,0,0
25,55,85,360
3,33,63,124
22,52,82,357
0,0,0,0
9,36,66,87
14,44,74,260
0,8,10,169
11,11,14,14
0,0,0,0
0,0,8,8
6,15,34,243
18,42,63,153
0,0,0,225
30,60,90,365
8,8,8,8
4,18,48,48
20,35,48,302
24,54,84,359
13,39,69,249
1,1,1,1
0,0,0,0
0,0,0,0
26,26,26,26
23,53,83,83
5,21,44,44
27,57,87,362
0,0,0,0
9,12,38,128
2,12,22,162
4,4,4,40
0,0,0,0
0,0,0,0
17,46,76,229
29,59,89,364
29,59,89,179
30,60,90,365
0,0,0,0
0,0,0,17
6,15,40,40
30,60,90,90
29,59,89,364
24,40,59,329
19,46,76,351
7,18,34,204
0,0,0,253
28,49,79,354
20,31,31,170
30,60,90,365
17,47,77,352
24,54,84,359
23,53,83,173
5,5,5,45
27,47,65,330
2,15,36,36
13,13,13,13
28,58,88,89
8,24,54,329
0,0,0,0
1,15,39,279
15,33,54,301
0,0,0,0
30,60,81,243
7,17,36,95
30,60,90,90
7,33,59,334
30,60,90,180
0,0,0,0
30,49,79,348
2,5,5,79
19,36,46,280
30,60,90,90
30,60,90,365
24,49,73,344
30,60,90,365
0,0,0,0
0,0,0,0
16,41,53,100
5,26,56,317
16,35,51,274
30,60,90,311
20,50,80,355
19,44,74,159
30,60,90,365
23,49,63,304
9,9,9,9
0,0,0,0
12,34,64,155
19,41,71,346
30,60,90,365
16,46,76,166
0,0,0,0
23,53,83,83
0,0,0,243
11,37,67,340
0,0,0,219
30,60,90,365
29,59,89,364
18,45,70,300
9,35,35,35
27,57,87,178
23,53,81,171
0,0,0,49
6,36,66,66
0,16,46,136
0,0,0,0
13,43,73,74
29,59,72,281
0,0,0,0
21,51,81,356
0,0,0,0
0,0,0,0
0,0,0,0
7,31,61,62
0,0,0,0
30,60,90,91
2,2,2,2
0,0,1,273
1,1,1,1
27,54,67,145
21,51,81,334
1,1,1,1
24,54,77,266
23,43,43,43
24,54,84,84
0,0,0,199
19,42,54,317
4,29,59,334
28,58,88,178
16,45,62,330
0,0,0,0
0,0,0,0
0,0,0,0
29,59,89,364
20,45,75,343
11,26,56,99
12,24,42,317
19,44,62,275
20,27,45,45
6,16,42,125
10,20,34,34
0,0,0,0
0,0,0,0
25,34,39,288
12,14,33,249
29,59,88,99
0,0,0,0
28,58,88,88
0,0,0,65
0,5,5,5
28,58,88,363
0,0,0,0
0,0,0,0
23,53,83,157
0,0,0,17
29,59,89,179
18,48,75,164
0,14,36,124
17,43,68,84
17,47,77,352
0,0,0,0
4,32,32,97
1,3,7,142
0,0,0,0
10,37,64,274
0,6,29,140
30,60,90,365
0,0,0,0
30,60,90,90
7,7,7,7
0,0,0,0
16,36,56,135
18,38,58,58
13,43,73,163
17,41,71,308
4,14,18,152
22,52,79,105
12,40,69,344
1,2,2,2
30,60,90,365
7,19,39,81
15,15,15,15
30,60,90,90
30,60,90,365
0,0,0,0
21,51,81,81
3,7,13,209
27,42,60,289
7,7,7,29
19,44,74,74
0,3,20,275
29,48,59,334
3,10,16,85
29,59,89,89
0,0,0,0
11,11,29,119
0,0,0,56
23,53,83,173
0,5,35,310
18,35,55,272
15,35,63,338
16,35,50,307
18,31,31,31
14,30,60,314
14,29,38,228
8,33,63,308
30,60,90,180
12,42,72,252
0,4,34,34
8,21,27,247
24,54,84,174
29,59,89,179
0,0,4,242
0,0,0,253
30,60,90,365
4,9,18,102
0,0,0,228
4,18,42,47
0,0,0,0
0,0,0,0
0,0,0,0
0,26,28,303
0,6,15,103
0,5,35,36
22,49,71,161
11,28,43,207
30,60,90,180
4,18,39,39
13,28,55,145
21,45,75,75
0,0,0,0
30,60,90,365
4,8,17,229
0,0,0,26
6,27,55,145
10,40,70,276
0,0,0,0
29,59,89,179
30,60,90,365
24,54,82,351
12,20,50,136
0,6,36,311
2,2,2,2
1,6,16,281
0,0,0,0
10,40,70,276
20,50,80,289
0,0,0,111
9,12,12,12
0,0,0,0
0,0,0,0
0,11,41,316
12,33,41,57
30,60,90,365
27,57,87,362
0,0,0,0
0,0,0,0
0,0,0,0
0,13,43,318
0,0,3,3
0,0,0,0
5,26,30,31
29,59,89,179
24,42,65,65
24,25,55,300
7,29,38,38
0,0,4,5
17,47,77,352
0,0,0,0
10,40,70,160
6,16,46,321
0,9,13,14
28,58,88,88
0,0,0,0
12,16,18,286
0,0,0,0
0,0,0,0
15,15,15,15
13,36,66,66
29,59,89,179
0,0,0,0
0,0,0,0
9,9,9,56
7,27,57,57
0,0,0,0
23,53,83,83
0,0,22,104
30,60,90,90
2,21,51,186
29,59,73,73
29,59,89,364
13,34,55,297
28,58,88,88
0,0,0,0
30,60,90,365
0,0,0,46
20,50,80,80
0,0,0,0
30,60,90,365
6,12,23,173
27,51,75,318
0,0,0,11
2,15,30,95
0,0,0,0
0,9,39,39
16,46,76,76
7,20,47,47
28,58,88,284
15,32,59,334
4,9,13,151
22,47,72,249
24,37,51,317
29,59,89,364
6,11,11,11
0,0,0,0
9,24,38,90
0,0,0,0
0,0,0,75
29,58,82,165
30,60,90,365
0,0,6,256
0,0,8,76
11,41,71,346
30,60,90,365
0,0,0,0
1,9,19,100
30,60,90,365
17,37,67,333
17,35,54,130
17,47,75,275
26,54,71,335
0,20,50,140
0,0,0,35
26,51,58,202
30,60,90,365
10,16,25,241
1,1,1,1
4,11,29,188
13,21,33,148
30,60,90,365
0,0,0,0
29,59,89,364
10,28,58,272
12,12,18,268
10,23,39,39
0,0,0,0
30,60,90,365
1,11,17,40
6,10,12,220
0,0,0,0
30,60,90,365
27,57,87,87
7,27,57,332
3,8,38,302
9,17,34,299
0,0,0,0
2,23,23,242
18,39,61,331
5,31,61,61
10,10,10,10
0,0,0,0
0,0,0,0
0,1,1,15
20,50,78,353
8,15,32,293
0,0,0,0
0,0,0,0
19,49,79,80
15,15,15,84
22,27,37,37
0,0,0,0
29,59,89,179
9,24,49,49
30,60,90,365
0,9,39,314
17,40,70,339
15,43,73,164
14,33,33,34
14,20,20,20
11,33,52,193
0,0,0,0
6,23,41,285
0,0,0,0
23,53,83,358
0,0,0,0
1,31,61,61
19,41,64,154
27,57,87,362
30,60,90,365
15,45,75,350
27,57,87,362
9,32,62,316
19,38,63,336
30,60,90,365
0,0,0,0
0,0,0,0
4,12,18,274
29,59,89,364
17,24,33,295
8,30,60,119
27,57,87,362
13,37,59,59
18,32,55,252
16,39,64,233
28,56,86,239
0,19,49,49
0,0,0,0
27,39,67,342
25,55,85,199
2,2,2,2
0,0,0,0
30,60,90,365
23,53,83,358
28,58,88,268
0,9,25,99
7,17,35,240
2,10,15,138
0,0,0,0
0,0,0,218
28,56,84,314
30,60,90,365
22,43,70,340
29,59,89,179
29,59,89,179
1,14,39,122
0,0,6,96
29,59,89,179
27,57,87,87
14,38,68,336
0,0,0,0
7,28,55,330
0,0,0,0
8,25,55,330
27,57,87,267
30,60,90,180
18,39,64,257
0,9,39,313
0,0,0,0
22,52,82,83
0,0,0,0
30,60,90,365
14,34,34,34
0,0,0,0
0,0,0,217
5,9,25,208
0,0,0,0
12,29,45,266
1,1,18,291
0,0,0,0
30,60,90,180
30,60,90,180
0,0,0,0
26,49,74,265
30,60,90,90
30,60,90,180
0,0,0,0
28,58,88,178
30,60,90,365
30,51,78,332
1,1,1,141
23,53,83,83
2,17,47,227
0,0,0,0
10,34,62,312
0,0,24,114
28,58,88,363
10,40,70,160
0,0,0,0
30,60,90,90
23,53,83,358
5,15,26,174
0,0,0,0
0,0,0,0
30,60,90,365
28,58,88,196
30,55,59,243
30,60,90,365
9,9,12,12
15,15,15,15
20,41,41,41
0,0,0,95
0,0,0,0
1,1,3,263
29,59,86,175
26,56,79,82
0,0,0,230
21,46,76,342
23,53,83,83
0,5,35,310
7,21,40,122
25,55,85,360
6,33,63,317
0,0,8,283
0,6,36,311
16,16,16,16
6,36,66,341
14,41,71,346
11,38,62,298
27,57,87,362
28,58,88,318
27,48,78,78
0,2,30,305
30,60,90,90
6,31,31,31
29,59,89,179
0,0,0,0
28,40,68,343
2,2,2,275
0,0,0,83
0,6,10,285
0,0,0,0
22,52,82,172
7,19,27,281
9,32,57,80
13,38,68,160
29,59,89,364
0,0,0,130
28,49,49,57
23,53,83,358
23,53,83,358
2,5,8,44
2,8,16,76
16,42,72,342
6,6,6,6
29,59,89,364
25,52,62,298
0,0,0,24
17,47,77,344
3,9,32,204
0,15,45,320
0,0,15,290
2,13,18,259
8,29,47,307
21,41,62,337
4,7,17,211
30,60,90,365
0,0,0,64
29,59,89,364
23,53,83,83
0,7,37,100
0,0,0,0
15,38,68,330
21,24,25,295
24,47,77,77
1,3,7,26
24,54,84,174
0,0,0,0
5,9,18,159
0,0,0,0
9,18,29,291
29,59,89,364
0,0,0,0
0,0,0,0
30,60,90,365
30,60,90,365
28,58,88,363
1,7,37,218
0,0,0,0
30,60,90,365
22,52,82,357
0,12,37,56
0,0,0,0
28,58,88,88
0,5,35,310
18,29,47,310
0,0,0,262
1,5,17,162
0,0,0,0
6,12,20,75
17,47,77,77
29,59,89,364
8,38,67,216
0,0,0,37
0,0,0,0
8,30,59,202
30,60,90,365
0,27,52,52
27,57,87,177
0,18,48,91
21,44,56,56
22,52,82,262
1,2,23,208
0,0,9,9
11,31,58,322
4,6,9,93
13,43,70,282
5,17,38,308
0,0,0,38
1,9,9,9
29,59,89,89
0,0,0,0
21,41,55,124
13,13,13,156
5,30,30,30
30,60,90,365
23,40,70,175
28,58,88,89
0,4,4,4
30,60,90,347
2,11,22,212
0,0,0,0
30,60,90,365
30,60,90,180
0,0,0,0
26,48,72,289
30,60,90,365
2,32,62,62
12,38,58,320
15,27,39,281
0,0,0,0
0,0,0,272
0,0,0,230
30,60,87,356
9,32,47,212
0,0,0,0
18,40,70,160
15,44,74,347
29,59,89,364
21,51,81,353
0,19,42,186
2,2,2,2
0,0,0,163
14,44,71,344
0,0,0,184
0,0,0,0
0,0,0,0
12,37,67,68
0,0,0,0
0,0,0,7
0,0,0,0
12,42,72,162
0,0,0,0
4,18,29,182
29,59,89,89
7,28,58,303
30,60,82,357
1,4,13,185
30,60,90,91
0,0,0,0
0,0,0,0
25,48,78,327
0,0,0,0
9,9,9,223
17,47,77,91
5,12,31,53
0,0,0,6
27,57,87,177
29,59,89,317
25,55,85,85
27,57,87,362
9,29,59,282
0,0,11,11
0,0,0,0
19,40,70,70
28,56,86,86
29,59,89,179
23,53,80,355
8,18,45,254
30,60,90,365
0,0,0,0
0,0,0,0
15,45,75,75
6,20,50,221
0,0,9,140
0,0,0,0
18,37,67,342
21,51,81,356
30,60,81,356
29,59,89,355
4,19,27,186
30,60,90,365
0,0,0,106
11,22,22,73
0,0,0,254
0,0,0,0
1,9,31,301
0,0,0,35
18,26,48,48
8,26,44,227
29,59,89,179
0,0,0,0
18,48,78,353
0,0,0,0
29,59,89,357
0,0,0,0
30,52,82,350
30,60,90,365
27,57,87,362
0,6,36,311
27,57,87,87
25,38,62,242
2,11,25,289
30,60,90,90
1,4,28,303
30,60,90,365
0,5,32,144
30,60,90,365
29,59,89,364
12,32,60,60
30,60,90,340
30,60,90,365
8,38,68,94
17,38,61,293
0,0,0,0
21,42,65,340
0,0,0,0
30,60,90,365
23,48,72,113
0,0,5,196
0,2,13,43
0,0,0,169
24,54,84,359
29,59,89,364
19,38,68,68
6,25,38,312
0,0,0,2
0,0,0,0
8,20,46,122
30,54,84,84
1,1,1,142
0,0,0,48
0,0,5,236
16,46,70,159
30,51,51,51
18,48,78,353
3,12,29,304
6,6,22,112
17,47,69,69
0,0,0,0
0,0,0,252
1,4,16,51
29,58,85,165
30,60,90,90
0,0,0,0
12,38,68,271
24,54,76,132
11,28,58,149
0,0,0,0
0,0,0,0
29,59,89,89
30,60,88,363
0,0,18,293
0,0,0,188
30,60,90,365
14,37,64,64
28,58,88,363
30,60,90,365
0,0,0,1
23,53,83,218
0,16,30,30
0,0,0,0
9,39,69,153
25,55,85,360
9,39,69,344
30,60,90,180
15,43,62,318
2,9,23,197
0,24,54,131
6,17,47,322
0,13,43,133
23,53,81,355
6,9,17,194
0,0,0,0
15,36,61,198
0,0,2,2
0,0,0,0
0,0,0,0
30,60,90,365
4,4,4,4
30,42,42,42
13,28,48,317
18,42,72,336
29,59,89,89
23,53,83,173
28,34,34,34
3,13,15,196
0,0,0,1
9,17,24,198
3,4,7,79
29,59,89,89
30,53,80,80
0,0,0,0
3,7,7,7
9,39,43,131
9,26,34,161
9,20,45,247
0,18,48,138
5,25,48,323
19,45,75,165
30,60,90,365
19,35,59,315
30,60,90,180
28,58,88,363
9,27,42,310
30,60,90,180
5,5,9,143
1,1,26,255
16,46,76,351
0,0,0,0
0,0,0,0
0,0,0,0
3,6,24,24
0,0,0,0
10,12,39,114
8,17,27,211
0,0,0,161
0,0,0,0
30,60,90,90
0,29,59,59
30,60,90,365
0,0,0,0
22,52,82,342
29,59,89,179
0,0,0,0
0,6,14,261
15,37,55,327
3,3,5,5
29,59,89,89
17,40,47,196
0,0,0,0
26,56,86,361
0,0,0,96
0,0,10,237
11,41,71,346
30,60,90,365
18,35,51,63
15,32,49,139
0,0,0,0
17,38,46,321
8,30,60,335
4,21,42,233
28,58,88,88
29,59,89,364
7,20,20,92
29,59,89,364
24,54,84,359
2,18,43,210
29,59,89,364
29,50,71,337
29,59,89,364
30,60,90,365
0,0,0,0
0,0,0,0
0,0,0,0
0,0,0,0
4,34,60,60
0,0,0,0
0,0,26,301
14,36,59,323
26,52,81,353
29,59,89,89
0,17,47,137
0,0,0,254
10,34,59,60
24,54,84,359
16,39,68,68
0,9,15,30
0,0,0,0
4,28,58,58
16,46,72,160
13,38,68,68
30,58,58,296
0,0,0,0
11,41,71,346
30,60,90,365
12,42,72,162
28,58,88,363
27,57,87,362
1,3,25,104
4,7,14,244
30,55,85,360
1,6,27,35
0,0,0,0
30,57,81,356
30,60,90,90
0,0,0,0
30,60,90,365
0,0,1,16
30,60,82,82
3,6,16,181
0,5,35,270
29,59,89,364
0,0,0,0
0,0,9,284
29,59,89,364
30,60,90,365
14,40,66,340
0,0,24,299
29,59,89,179
18,33,57,321
0,6,11,142
17,47,77,168
30,60,90,90
30,60,90,180
4,20,38,307
0,5,35,215
7,13,43,254
18,48,78,344
29,59,89,364
28,58,88,363
16,46,72,281
30,60,90,180
27,45,45,45
22,43,43,178
30,60,90,365
0,0,0,0
0,0,0,0
23,47,77,282
19,41,71,71
11,41,66,338
12,23,49,273
13,43,73,148
0,0,0,167
30,60,90,365
29,59,86,86
0,29,59,240
5,13,21,247
0,0,0,0
0,0,0,222
0,0,0,66
30,60,90,365
27,57,87,362
0,0,0,0
13,39,65,108
0,0,0,0
27,57,87,267
12,26,27,27
30,60,90,90
6,12,28,152
1,18,36,162
10,10,17,18
26,55,85,360
4,8,8,8
20,41,71,208
6,14,32,231
3,16,33,274
0,17,47,245
6,16,26,95
17,36,58,140
6,19,36,275
29,59,89,364
0,0,0,0
30,60,90,365
0,0,0,1
0,0,3,3
3,5,15,192
0,0,0,0
3,9,26,75
29,59,89,364
30,60,90,365
0,0,0,0
0,0,0,0
4,14,41,273
30,60,90,365
0,0,28,28
3,7,19,67
28,58,88,88
0,0,0,0
6,31,45,45
25,37,37,37
22,44,64,132
17,47,76,351
0,0,0,0
0,0,0,0
23,53,83,83
30,60,90,365
14,43,73,348
12,24,42,251
8,15,35,112
18,48,78,78
12,24,42,100
6,36,66,341
28,58,88,363
10,19,31,274
17,47,77,77
30,60,90,365
0,0,0,0
18,46,76,77
0,4,12,218
30,60,90,365
28,58,88,88
12,42,72,347
30,60,90,365
30,60,90,365
0,0,0,0
30,60,90,365
4,31,57,332
4,9,20,260
30,60,90,180
30,60,90,90
24,47,77,335
29,59,89,364
20,46,69,159
30,60,90,365
30,60,90,365
15,45,75,75
3,3,3,3
30,60,90,365
30,60,90,365
30,60,86,175
0,0,0,0
30,60,90,365
30,60,90,365
29,59,89,364
29,59,89,89
30,60,90,365
30,60,90,365
0,0,0,0
28,58,88,362
30,51,51,51
25,55,81,355
16,46,75,161
9,13,13,13
30,60,90,365
30,60,90,365
18,48,78,78
19,49,79,354
30,60,90,365
4,12,31,190
6,6,6,6
13,43,73,316
9,22,44,69
29,59,89,364
5,32,62,131
7,13,36,277
17,47,77,352
30,60,90,90
30,60,90,112
10,28,58,148
5,16,16,16
2,2,2,2
5,17,30,100
0,0,0,0
10,34,49,310
13,37,64,339
5,12,42,309
30,60,90,365
0,8,38,39
0,0,0,1
10,14,38,308
30,60,90,90
0,0,0,0
7,16,24,262
7,25,51,51
30,60,90,365
9,39,69,69
28,58,88,363
0,0,0,0
30,60,90,365
8,11,20,29
0,0,0,188
5,22,44,273
15,37,67,342
19,27,27,27
29,59,89,364
0,0,0,0
7,22,48,226
0,6,36,126
28,58,80,120
17,18,18,19
19,49,79,354
29,59,89,364
30,60,90,90
30,60,90,365
29,59,89,364
29,59,89,364
30,60,90,90
0,5,25,93
5,13,24,185
0,0,0,0
30,60,90,240
19,49,74,345
20,40,59,102
0,0,0,199
1,1,14,96
29,59,89,347
12,31,45,313
30,60,90,90
10,18,29,251
0,0,6,251
29,59,89,364
26,56,84,198
30,60,84,359
15,45,75,350
23,53,83,358
30,60,90,365
9,9,9,9
12,30,30,221
16,22,44,96
27,57,87,177
29,59,89,179
9,39,69,344
29,59,89,179
13,36,66,328
0,0,0,0
19,19,19,186
15,45,52,52
18,18,18,18
19,45,75,75
0,0,0,0
29,50,53,53
7,37,67,67
30,60,90,365
0,0,0,0
0,0,0,0
23,49,70,322
23,53,83,173
25,55,85,360
0,0,0,0
30,60,90,365
30,60,90,122
2,22,34,246
0,0,0,0
23,23,23,23
7,25,55,55
29,59,89,364
11,35,65,331
30,60,90,365
29,59,89,364
29,43,58,306
30,60,90,365
18,32,51,301
0,0,0,47
0,0,0,225
29,59,89,179
9,38,68,343
30,60,90,90
3,20,50,251
14,33,55,298
29,59,89,89
0,0,0,60
30,60,90,365
13,38,68,343
6,31,61,336
27,57,87,312
0,0,0,0
30,60,90,365
0,0,0,274
30,60,90,365
29,59,89,89
20,47,73,348
4,11,17,226
29,59,89,89
0,0,0,0
0,0,0,0
29,59,89,179
30,60,90,365
21,37,55,279
27,57,87,362
15,30,56,56
0,0,0,211
24,54,84,359
30,60,90,180
30,60,90,365
10,27,37,270
29,55,76,158
30,60,90,365
28,58,88,332
30,60,90,365
22,52,81,172
3,5,10,169
3,3,3,3
27,57,87,357
4,34,64,148
30,60,90,365
0,0,0,206
30,60,90,180
30,60,90,365
0,0,0,32
29,59,89,364
18,48,74,334
29,45,75,255
0,16,16,274
0,0,0,0
29,59,89,89
22,49,79,216
0,4,4,19
29,59,89,160
9,28,43,314
30,60,90,365
0,0,0,0
6,6,6,6
0,0,0,0
29,59,89,89
0,0,0,126
30,60,90,365
30,60,90,365
0,0,0,0
23,43,73,163
30,60,90,90
30,60,90,91
20,20,20,20
30,60,90,90
0,6,36,126
27,57,87,178
0,0,8,8
23,53,83,83
27,57,87,267
13,20,28,187
27,57,87,362
9,39,69,115
7,19,32,279
10,37,64,178
29,59,89,364
28,58,88,363
15,45,75,350
28,58,88,363
10,32,62,337
8,38,68,158
30,60,90,90
30,60,90,365
0,0,0,0
29,59,89,364
23,53,83,358
0,0,0,0
30,60,82,82
19,49,75,345
19,41,71,346
9,39,69,344
6,24,42,123
7,7,7,7
0,0,0,0
22,47,47,101
14,37,44,95
22,36,52,311
0,0,0,0
0,0,0,0
27,57,87,362
0,0,0,33
2,21,46,307
11,23,48,228
0,0,0,70
29,59,89,179
19,49,79,169
8,30,37,37
5,9,29,288
10,40,70,345
0,0,0,0
0,0,0,0
0,0,0,0
4,5,10,10
12,38,68,69
30,60,90,365
0,0,0,61
17,41,65,320
29,59,89,364
0,0,0,34
23,53,83,83
21,38,38,38
0,0,0,0
1,1,5,5
1,1,1,1
23,53,83,358
3,26,56,322
30,60,90,365
13,13,13,13
30,60,90,365
7,7,7,79
11,29,56,252
12,35,65,151
0,0,0,0
20,50,80,170
30,56,73,348
24,54,84,293
25,26,26,26
25,55,85,85
30,60,90,365
28,58,88,88
0,0,0,218
7,17,42,300
0,0,0,0
29,46,73,348
0,0,0,0
0,27,46,46
30,51,51,51
5,35,65,65
0,0,0,41
15,37,37,37
15,42,65,322
27,56,86,361
9,29,59,144
0,5,35,126
18,48,78,78
29,59,89,179
7,8,8,8
13,30,56,145
30,60,90,90
11,11,11,151
16,20,50,50
0,5,35,310
8,16,31,31
0,0,8,8
6,12,23,39
10,20,50,314
9,21,51,141
0,28,58,148
24,26,56,331
0,0,0,0
0,7,7,7
21,51,81,356
0,15,15,46
0,0,0,0
30,60,90,365
24,54,84,84
29,59,89,181
10,25,52,315
30,60,79,79
0,0,0,0
7,13,28,182
0,0,0,259
30,60,90,180
0,0,0,0
7,22,44,267
18,35,56,325
5,20,32,249
0,0,0,0
0,0,0,59
0,5,35,36
30,60,90,365
0,0,0,0
0,0,0,75
29,59,89,89
0,0,0,0
6,36,66,156
6,34,64,154
0,0,0,66
0,0,0,0
19,49,79,79
0,0,8,8
11,11,20,20
22,52,82,357
0,0,0,0
0,0,0,0
30,60,90,90
23,53,83,358
13,31,56,320
30,58,84,350
0,0,0,0
30,60,90,91
0,0,0,0
0,0,3,4
4,33,47,175
26,48,78,159
23,53,83,84
5,11,20,107
3,8,11,132
12,31,51,265
25,55,85,360
13,29,54,326
14,44,74,349
27,47,77,352
28,58,88,363
29,59,89,179
30,60,90,90
20,50,80,355
12,42,72,347
29,59,89,179
23,53,83,243
16,40,70,345
0,0,0,0
20,46,76,286
28,38,65,322
11,20,30,140
0,0,10,274
18,48,78,168
15,28,40,237
30,60,90,90
11,37,61,306
30,60,90,365
25,55,85,360
2,32,62,337
29,59,89,179
28,58,88,363
25,49,79,354
23,53,83,83
30,60,90,365
8,38,61,336
29,52,82,82
7,23,32,265
0,0,0,0
29,51,63,181
0,28,58,148
30,60,90,365
21,51,73,77
27,57,87,362
2,32,62,106
19,38,38,118
15,15,15,81
13,38,61,336
22,22,22,22
7,24,49,166
30,60,90,365
0,0,0,0
29,59,89,179
23,45,72,343
0,0,0,0
1,1,1,1
0,0,0,0
30,60,87,200
10,10,10,10
29,59,89,180
29,59,89,364
10,27,32,64
0,0,0,0
16,40,70,345
17,36,46,297
0,0,2,6
29,59,89,89
30,60,90,362
30,60,90,90
29,59,86,355
2,32,62,337
18,48,78,353
18,34,56,312
18,25,49,231
23,53,83,164
0,0,0,0
0,0,0,26
30,60,90,365
27,57,87,362
3,26,56,331
9,31,57,288
7,18,48,323
14,23,23,130
30,60,90,365
30,60,90,90
30,60,90,365
0,0,0,0
24,42,72,72
0,0,0,0
0,0,0,0
0,0,0,0
25,55,85,175
26,52,82,82
9,27,57,57
0,0,0,0
24,54,84,359
19,49,79,216
29,52,62,317
12,38,68,68
30,50,70,267
23,53,83,264
5,20,50,140
0,0,0,0
29,59,89,364
30,60,90,365
30,56,80,244
0,0,0,0
23,53,83,358
0,0,0,0
1,23,43,215
11,39,67,333
16,46,76,76
29,59,89,364
22,49,74,349
0,0,0,0
16,37,64,320
29,59,89,179
0,16,16,16
29,59,89,89
14,25,55,312
14,44,69,344
30,60,90,365
8,38,68,343
0,21,51,51
7,31,61,61
18,28,58,277
30,60,90,365
28,58,88,363
0,0,3,38
28,58,88,178
19,48,73,155
0,0,0,9
0,0,0,0
0,0,0,4
0,0,21,296
2,3,6,139
30,54,82,357
3,13,38,188
3,13,34,276
0,5,35,310
23,53,72,324
3,6,12,177
9,36,56,72
13,22,50,219
9,39,69,69
30,60,90,365
8,12,36,282
0,0,0,0
13,15,19,19
21,51,81,171
19,49,79,94
14,37,67,151
17,47,69,69
16,16,16,16
11,22,46,193
22,52,82,82
0,0,0,0
28,58,88,363
9,9,31,306
20,37,67,331
0,0,0,0
28,48,78,353
2,7,26,248
0,0,5,280
30,60,90,365
15,36,66,341
0,0,0,0
30,60,90,365
24,52,81,356
0,0,4,185
20,50,80,355
24,54,84,264
30,60,90,365
10,10,10,10
29,59,89,169
0,0,0,0
26,51,71,346
21,51,81,356
30,60,90,180
0,0,0,0
30,60,90,180
30,57,80,305
0,0,0,0
0,0,0,0
7,8,16,16
30,60,90,365
8,38,68,343
29,59,89,364
26,56,86,176
30,60,90,90
0,0,0,0
30,60,90,365
30,60,90,365
0,0,0,0
9,16,40,306
10,40,70,345
4,6,17,38
30,60,90,365
27,27,27,221
29,56,85,360
29,59,89,180
25,55,85,85
18,46,65,202
30,54,54,54
18,40,67,339
28,58,88,308
6,13,13,202
22,52,82,260
5,35,65,340
1,2,15,186
0,10,31,239
26,51,79,274
0,0,5,5
9,39,69,69
27,57,87,177
3,3,3,3
29,54,81,356
0,0,0,190
0,0,0,0
0,6,36,244
29,59,89,364
9,29,57,264
0,0,0,0
27,57,87,362
12,39,69,182
0,0,0,222
0,0,0,100
27,57,87,360
27,57,87,362
0,0,0,0
11,32,43,197
26,42,66,333
29,59,89,364
9,39,69,69
7,31,61,81
14,14,14,14
7,30,60,335
27,57,87,87
0,7,31,306
0,0,0,0
20,47,68,343
30,60,90,365
21,51,81,348
12,21,25,59
2,4,4,4
30,60,90,365
29,59,78,254
11,30,55,189
3,3,24,75
14,36,66,156
30,60,90,365
0,0,0,0
8,24,24,24
9,23,53,316
4,4,4,4
3,8,18,245
29,59,89,364
3,9,22,22
0,0,0,253
24,54,84,359
0,0,6,281
10,40,70,70
11,26,47,72
9,39,69,344
17,47,71,342
12,24,43,255
8,27,57,267
0,30,58,314
18,48,78,353
0,0,0,0
29,59,89,364
30,60,90,90
30,60,90,365
13,27,27,27
0,0,0,0
11,41,71,161
6,14,34,309
0,2,29,29
7,20,41,266
2,22,52,142
30,60,90,365
6,6,6,6
0,0,2,55
29,59,89,179
14,18,27,260
0,0,0,191
8,8,26,26
0,0,0,0
9,25,44,282
30,60,90,90
13,36,36,179
30,60,90,180
10,27,57,332
20,50,80,354
23,46,73,348
30,60,90,365
0,20,50,230
10,16,40,315
3,26,47,311
29,59,89,179
19,49,79,169
29,59,89,364
0,0,0,0
15,28,47,106
0,0,0,0
27,57,87,362
25,55,78,78
4,7,14,244
30,60,90,365
11,30,60,150
30,60,90,365
9,17,39,77
30,60,90,365
23,35,35,56
29,54,84,311
0,0,0,0
6,26,56,331
29,59,89,89
21,51,81,356
0,0,0,0
22,52,82,357
29,59,89,89
8,12,12,12
30,60,90,365
29,59,89,179
16,16,16,16
29,59,87,362
28,58,88,178
8,16,43,314
25,55,85,359
0,0,0,20
18,48,78,353
30,60,90,365
0,0,0,0
16,46,76,166
30,60,90,365
0,0,0,0
13,30,49,49
30,60,90,365
25,55,85,360
29,59,89,179
30,60,90,365
1,17,40,131
29,59,89,364
23,53,83,358
17,17,17,17
16,39,65,340
9,20,50,325
21,51,81,356
8,8,10,10
29,59,89,179
0,0,0,65
10,40,70,101
30,60,90,90
27,57,87,177
0,0,16,106
13,24,24,24
30,60,90,365
26,46,76,348
26,56,86,361
30,60,84,356
30,60,90,207
5,26,56,260
30,60,90,365
25,45,75,75
18,31,61,336
12,12,12,51
6,15,42,224
30,60,90,180
18,48,78,320
19,45,68,158
29,59,89,179
9,20,50,50
0,9,39,39
9,30,60,311
21,51,81,81
30,60,90,365
14,44,74,349
3,32,58,253
20,50,80,355
0,0,0,0
0,0,0,0
15,45,75,350
24,54,84,264
24,47,67,327
16,40,70,70
0,4,28,28
6,11,26,297
23,53,83,84
0,0,0,19
28,56,86,86
30,60,90,365
9,31,39,39
30,60,90,365
24,54,84,359
11,32,62,62
6,6,18,76
0,0,0,0
7,29,59,269
12,42,72,162
13,15,15,15
13,30,60,208
0,0,0,29
1,19,49,194
18,35,54,291
0,0,0,31
24,54,84,359
7,33,62,63
30,60,90,365
22,52,82,172
12,42,72,276
24,54,84,174
29,59,89,330
30,60,90,186
29,59,89,89
5,14,44,44
23,53,72,72
23,53,83,126
29,59,89,89
0,1,1,32
29,59,89,364
15,45,75,75
2,27,30,30
27,27,27,27
0,5,19,278
21,51,81,356
29,59,89,364
12,36,66,66
0,16,46,226
30,60,90,296
2,12,22,107
0,0,6,281
27,44,73,346
30,60,90,365
23,53,83,358
6,23,46,272
30,60,90,365
18,43,49,194
0,0,0,182
30,60,90,365
6,6,6,6
24,54,84,174
12,29,42,231
9,24,48,73
5,16,29,100
0,0,0,0
1,1,1,128
17,31,60,85
2,4,20,20
30,60,90,365
28,58,88,179
24,54,84,359
0,3,7,124
24,54,84,359
0,5,35,190
0,13,13,51
17,42,58,86
0,0,1,115
5,13,13,13
18,18,18,18
1,31,61,239
18,48,78,353
29,59,89,89
4,34,64,162
0,26,56,259
30,47,77,242
30,60,90,365
1,1,1,1
0,21,51,237
6,36,66,341
8,17,22,22
30,60,90,365
0,0,12,12
0,0,0,61
0,0,0,198
20,50,80,355
30,54,84,85
29,56,86,86
21,51,81,356
17,47,77,77
19,49,79,152
22,40,58,321
23,47,47,47
30,60,90,365
30,60,90,90
4,20,37,189
10,18,41,66
8,23,41,202
19,41,63,258
23,43,68,158
23,53,83,358
30,60,90,365
23,50,80,355
30,60,90,365
22,42,71,343
25,55,85,85
30,60,90,365
27,57,87,362
3,19,49,324
8,32,58,140
14,14,14,141
11,26,56,56
30,60,90,365
1,12,29,301
24,54,84,359
30,60,90,365
4,17,47,137
28,58,88,363
3,3,3,3
0,0,11,286
11,27,50,255
16,39,69,344
27,57,87,362
0,0,0,275
12,22,49,324
30,60,90,180
10,31,50,256
19,48,76,351
30,60,90,270
8,13,13,13
13,35,61,336
24,48,69,149
0,0,18,18
27,56,86,86
30,60,90,365
20,50,80,80
4,14,43,43
21,50,80,355
4,9,9,10
29,59,89,89
12,21,21,21
9,23,53,311
24,54,84,84
29,59,89,364
0,4,34,187
23,53,83,84
5,25,55,330
23,53,83,263
0,0,0,0
15,26,49,159
14,23,53,143
30,60,90,365
28,58,88,363
0,0,1,89
5,26,35,310
8,18,47,153
7,33,60,150
6,23,53,143
19,49,79,79
26,56,86,106
27,57,87,362
3,3,3,3
8,38,68,343
29,53,83,83
30,60,88,199
19,32,61,336
30,60,90,365
12,42,65,65
0,8,35,310
6,36,63,338
23,53,83,197
26,32,62,152
25,55,85,360
12,29,42,317
3,33,63,338
1,14,14,14
30,60,90,365
26,39,58,333
10,10,10,10
6,26,56,317
30,55,68,292
0,6,36,311
15,45,75,350
29,50,80,355
0,9,39,314
22,52,82,357
0,0,0,6
19,49,79,354
0,0,0,0
12,16,30,266
3,33,63,334
8,8,8,8
30,60,90,365
0,0,0,69
0,1,1,11
0,0,0,0
28,58,88,363
0,0,0,19
8,38,68,339
13,27,47,322
11,41,71,346
0,0,0,71
4,8,17,266
23,53,83,195
5,17,30,262
16,46,76,98
0,0,0,0
3,11,14,237
14,44,68,328
21,21,21,21
0,0,0,0
0,0,0,0
30,60,90,357
29,59,89,364
0,0,0,163
24,54,84,356
5,16,27,65
0,0,0,15
23,53,83,358
9,24,46,126
0,0,0,249
25,51,78,353
30,60,90,365
13,14,32,38
30,60,90,365
23,40,65,315
26,47,47,59
17,27,57,146
17,25,44,299
0,0,0,0
6,14,14,233
30,60,90,365
0,0,0,0
9,30,60,335
0,0,0,0
8,18,43,280
12,21,27,283
30,60,90,365
2,4,13,220
1,8,16,85
27,57,87,362
26,56,86,359
30,60,90,365
0,0,0,0
12,34,52,279
20,43,59,238
30,60,90,365
0,8,38,220
25,46,66,327
0,0,0,0
6,9,9,9
3,17,35,210
5,12,22,275
23,33,46,304
0,0,0,0
0,0,7,185
25,31,34,298
30,60,90,365
0,0,0,0
13,16,19,259
0,0,0,161
19,49,79,169
25,39,59,309
30,60,90,319
5,31,61,336
0,0,0,0
28,58,88,88
16,31,61,117
0,0,0,0
3,6,23,260
7,9,9,184
0,0,0,232
0,0,0,130
28,58,88,307
0,0,0,205
2,17,37,37
0,0,0,254
30,60,90,365
0,0,0,0
10,34,64,154
24,54,84,359
30,60,90,365
0,0,0,0
0,21,42,254
1,3,3,110
30,60,90,365
0,0,0,0
5,24,50,315
0,30,60,335
26,50,80,355
17,18,18,254
0,0,0,65
0,2,4,228
30,60,90,365
12,40,41,271
4,8,14,160
6,28,50,308
0,0,0,0
0,4,25,86
0,0,0,0
0,0,0,0
30,60,90,365
30,60,90,365
21,51,81,356
13,21,27,229
0,0,0,0
30,60,90,365
8,26,56,60
0,0,0,0
8,23,43,43
12,25,49,313
1,2,6,187
27,57,87,87
0,0,0,0
30,60,90,365
0,0,0,230
18,37,61,150
0,8,22,259
13,43,73,348
30,60,90,365
10,24,41,306
16,37,67,336
6,13,19,270
4,7,23,221
0,0,0,217
0,0,0,0
6,20,43,257
2,20,50,122
30,60,90,365
0,0,0,0
11,17,36,311
10,28,54,318
30,60,90,365
1,1,15,196
7,23,53,208
0,0,0,0
8,8,8,8
12,42,72,302
11,25,26,282
6,7,21,21
16,34,50,50
0,0,0,0
6,15,26,138
23,53,83,264
28,49,79,169
0,7,9,25
0,0,0,0
4,19,46,315
20,50,80,352
30,60,90,365
0,0,0,0
30,60,90,365
0,0,0,0
27,57,87,362
3,24,47,133
30,60,90,365
0,26,30,140
1,31,61,336
3,30,39,282
16,40,70,160
30,60,90,365
30,60,90,365
30,60,90,365
0,0,0,0
27,54,81,301
0,0,0,0
13,18,28,110
8,18,36,299
1,1,5,5
0,0,0,0
5,10,31,280
27,37,37,75
0,0,0,132
23,53,83,285
30,56,62,266
3,17,32,258
2,4,4,35
0,0,0,0
0,0,0,0
5,18,31,271
28,56,84,343
0,0,0,0
6,14,17,20
13,26,44,244
15,43,73,163
0,0,0,0
3,17,38,282
28,44,71,279
8,19,38,38
0,0,0,0
4,27,50,213
10,27,44,290
7,27,53,143
0,0,0,0
0,0,0,0
0,0,0,0
0,0,0,2
0,0,0,0
29,59,89,364
28,58,88,88
13,31,44,203
30,60,90,365
30,60,90,365
14,40,70,233
0,0,0,0
21,21,26,26
4,7,20,82
0,0,6,267
0,5,5,99
30,60,90,365
5,5,10,69
29,59,89,364
0,0,0,15
6,16,32,291
8,38,68,343
9,29,59,149
0,0,0,0
30,60,90,365
26,37,67,342
25,42,52,210
29,59,89,89
0,0,0,0
6,36,56,325
24,53,83,356
3,3,3,3
3,30,32,293
30,60,90,365
0,0,0,0
5,17,21,243
12,40,70,160
0,0,0,0
29,59,89,89
10,12,12,220
7,37,67,157
0,0,2,134
30,60,90,365
0,0,0,0
0,0,0,22
0,0,0,0
30,60,90,347
30,60,90,365
0,0,0,0
0,0,0,0
0,0,0,0
0,0,0,186
30,60,90,365
0,0,0,0
1,31,61,336
0,5,34,34
0,0,0,0
30,60,90,365
21,51,81,342
3,7,28,284
1,16,46,136
0,0,0,0
16,38,68,343
30,60,90,365
30,60,90,365
0,0,0,188
8,14,32,241
20,50,69,139
14,44,74,234
2,7,14,187
30,60,90,365
0,0,0,0
0,11,41,316
9,10,18,181
0,0,0,0
0,0,0,0
30,60,90,365
17,42,72,343
18,44,69,341
30,60,90,365
19,49,79,354
21,24,32,98
0,0,0,0
28,58,88,363
30,60,90,365
7,36,66,157
4,29,59,334
11,28,47,277
4,34,64,185
11,18,22,255
28,58,88,360
6,6,6,6
4,12,21,190
7,14,28,56
10,16,29,243
0,0,8,67
1,1,1,36
0,0,0,0
0,0,0,222
27,37,63,314
0,0,0,0
0,4,29,272
0,0,0,0
0,0,0,0
3,7,7,7
1,13,39,277
1,6,36,311
15,22,52,260
0,4,4,67
3,22,37,290
0,0,0,0
0,0,0,0
0,0,0,0
0,0,0,0
26,52,78,258
0,0,0,0
22,51,78,353
20,26,32,261
0,0,0,0
17,47,77,352
0,0,0,0
11,23,37,130
0,26,47,138
2,17,30,260
13,39,69,344
28,58,87,87
13,28,54,326
10,11,21,273
28,58,88,363
0,0,0,0
0,0,0,0
30,60,90,365
27,57,87,362
30,60,90,365
8,14,32,92
30,60,90,365
0,0,0,0
0,0,0,194
28,58,88,178
0,0,0,0
30,60,90,365
0,0,0,0
0,0,0,0
21,51,81,262
0,0,0,0
3,7,8,166
0,0,0,0
0,0,0,0
0,0,0,218
6,16,36,283
13,30,46,235
30,60,74,74
12,42,72,345
10,36,63,139
14,34,50,292
30,60,90,365
29,59,89,364
18,48,78,78
25,55,85,341
30,60,90,365
10,19,24,201
13,32,45,312
13,19,49,140
14,44,74,349
1,4,11,242
0,0,0,0
30,60,90,365
0,0,0,0
0,0,0,253
9,17,43,318
4,8,14,233
0,8,18,174
18,25,48,129
24,54,84,351
19,49,79,354
23,53,83,358
0,0,0,0
27,57,87,266
30,60,90,365
7,30,30,248
30,48,52,124
23,41,71,326
4,7,7,7
0,0,0,248
1,23,53,54
23,40,59,328
22,31,39,303
4,14,24,60
0,0,0,0
0,0,0,0
29,59,89,364
0,0,0,0
3,4,10,103
18,33,46,285
16,31,61,336
30,60,90,365
1,4,10,261
11,34,60,147
0,0,0,0
28,58,88,358
0,0,0,0
0,0,0,0
1,3,12,169
6,14,44,172
0,10,32,119
0,0,0,45
0,3,28,28
1,30,47,293
29,59,89,324
0,10,10,135
16,31,61,336
30,60,90,239
0,0,0,0
4,18,41,161
6,9,13,102
0,0,0,0
27,57,87,362
7,14,20,271
5,6,11,11
0,0,0,0
3,13,20,274
0,0,0,0
17,38,64,339
23,53,83,173
0,0,0,0
23,53,83,258
5,10,22,249
0,1,8,44
0,0,0,0
0,0,0,0
0,11,11,29
0,0,0,0
0,0,0,0
3,3,15,138
0,0,0,0
6,18,24,243
0,2,16,17
14,44,74,349
0,0,0,0
0,0,0,0
30,60,90,365
30,60,90,365
0,0,0,0
0,0,18,293
0,0,0,0
6,7,10,230
0,0,0,0
17,31,51,51
6,6,6,6
30,60,90,365
18,18,18,236
0,0,0,0
5,24,44,313
0,0,0,0
0,0,0,0
0,0,0,0
0,0,0,0
0,0,0,0
0,0,0,0
14,23,31,271
21,51,75,350
0,0,0,0
2,10,18,59
0,0,0,0
30,60,89,89
30,60,90,365
0,0,0,0
5,17,40,297
27,57,87,177
18,36,66,337
0,0,0,0
29,59,89,364
0,0,0,0
0,0,0,0
27,57,87,150
28,36,36,189
0,0,0,0
1,1,1,46
25,55,85,360
8,32,55,323
29,57,86,334
0,0,0,0
7,11,26,301
14,33,63,308
0,0,0,0
0,0,0,0
22,31,45,210
30,60,90,365
0,0,0,0
29,59,89,364
4,7,36,126
0,0,0,0
0,0,0,0
0,0,0,0
11,34,58,267
14,44,74,349
30,60,90,365
27,44,62,273
30,60,90,90
30,60,90,365
11,17,18,90
5,10,40,41
6,12,27,63
15,35,53,292
0,10,10,53
6,6,18,43
0,0,0,0
1,18,41,99
0,0,0,0
19,49,79,354
7,31,31,31
0,0,0,0
0,0,0,232
15,34,40,206
0,0,0,0
4,13,36,281
0,0,0,0
3,5,27,165
30,60,90,365
30,60,90,365
20,50,80,355
0,0,0,0
24,54,78,353
2,13,42,294
0,0,0,262
13,24,46,293
10,38,65,336
0,0,0,0
0,0,0,202
5,35,65,340
3,3,3,129
9,39,69,344
10,22,36,87
30,60,90,365
4,34,64,339
30,60,85,360
0,0,0,0
0,3,13,51
0,0,0,123
23,53,83,358
7,8,8,146
30,60,90,365
0,0,0,0
0,0,0,0
0,0,0,0
17,17,17,17
12,42,67,87
8,20,31,302
29,38,60,335
0,0,0,48
30,60,90,365
18,31,61,62
5,11,16,171
0,0,0,0
13,37,67,342
11,24,35,264
30,60,90,365
29,59,89,364
16,19,30,286
6,11,16,190
15,45,64,325
0,0,0,0
30,60,90,365
0,0,0,0
17,29,57,326
0,0,0,0
0,0,0,0
0,0,0,0
0,0,0,0
0,0,0,232
0,0,0,0
11,28,58,180
0,0,0,0
30,60,67,335
29,59,89,364
4,8,16,167
2,8,25,189
6,9,15,82
0,0,0,0
0,0,0,0
25,55,85,360
0,0,0,0
28,58,88,363
30,60,90,365
11,22,37,280
30,60,90,365
0,0,0,0
0,0,0,0
1,21,45,125
0,0,0,0
0,0,0,0
1,11,15,71
22,42,60,328
0,0,0,0
4,10,16,161
30,60,90,365
11,25,53,315
6,18,39,304
13,37,67,299
30,60,90,365
5,8,36,304
7,33,57,327
0,0,0,0
25,55,81,94
30,60,90,365
6,26,56,315
0,0,0,0
0,0,0,150
9,22,30,235
0,0,0,0
0,0,0,0
0,5,23,204
14,31,58,114
6,9,23,23
4,4,4,4
7,24,43,292
15,31,50,286
28,58,88,363
30,60,90,365
0,8,20,99
30,60,90,365
0,0,0,241
14,25,37,169
0,0,0,0
0,0,0,0
0,0,0,0
22,49,75,346
0,0,0,46
0,0,0,0
9,29,47,294
0,0,0,0
29,59,89,179
19,39,65,336
0,0,0,46
30,60,90,91
30,60,90,334
0,7,8,22
0,0,0,0
10,16,24,223
0,27,53,314
11,17,33,290
12,36,60,149
0,0,0,0
25,54,80,355
18,42,66,333
0,0,0,0
27,57,84,359
0,0,0,0
0,0,0,0
0,12,42,317
30,60,90,365
4,25,42,295
0,0,0,0
30,60,90,90
26,55,80,225
0,0,0,0
11,19,32,266
29,59,89,364
0,0,0,0
0,0,0,0
8,10,10,244
6,6,8,268
30,60,90,365
30,60,90,365
30,60,90,365
28,58,88,88
15,45,74,74
0,0,0,0
2,4,11,145
0,0,0,0
0,0,0,0
8,16,43,278
0,0,0,0
15,45,75,350
30,60,90,365
30,60,90,365
0,0,0,0
3,21,36,268
13,29,55,316
0,0,0,0
0,0,0,0
6,21,36,179
16,26,26,26
12,19,38,292
17,47,77,352
0,25,51,203
0,2,23,225
0,0,0,0
27,38,38,38
18,40,70,331
0,0,0,0
30,60,90,180
4,25,51,311
17,20,42,295
0,0,0,0
4,6,15,252
6,9,14,194
22,52,82,357
30,60,90,365
16,32,62,337
0,0,0,0
0,7,7,10
0,0,0,0
7,10,15,255
4,7,18,184
20,37,55,321
0,0,0,0
0,0,0,138
0,0,0,0
29,59,89,353
5,5,5,70
30,60,90,365
7,18,25,203
0,0,0,0
29,49,73,336
30,60,90,365
9,27,57,317
4,25,55,330
0,0,0,0
0,0,0,0
11,20,50,296
30,60,90,365
29,59,89,364
27,57,87,362
28,58,88,363
6,22,46,215
29,59,89,89
0,0,3,199
0,0,0,36
5,24,44,276
0,0,0,0
0,3,6,133
0,0,27,302
28,58,88,363
30,60,90,365
22,52,82,357
0,0,0,0
30,60,90,365
10,36,36,269
0,0,0,0
3,9,27,240
18,26,49,291
27,53,79,354
22,37,56,325
4,7,9,213
0,0,0,0
30,60,90,180
30,60,90,365
6,27,57,332
29,59,89,364
0,3,33,34
30,60,90,365
0,0,0,0
30,60,90,365
26,56,86,87
0,0,0,0
30,60,90,365
0,0,0,0
0,0,0,0
0,0,0,0
0,0,0,0
30,60,90,365
0,0,0,0
30,60,90,365
0,8,33,234
0,0,0,0
0,0,0,0
0,1,3,153
0,0,0,0
16,18,27,302
30,60,90,365
0,15,22,200
14,19,49,324
24,36,51,125
30,60,90,365
30,60,90,365
0,5,35,310
29,59,89,364
0,0,0,0
0,0,0,0
19,49,79,354
21,44,74,349
26,55,85,351
30,60,90,365
0,0,0,0
5,11,32,305
0,0,0,0
17,36,60,332
26,53,78,353
5,5,5,255
0,0,0,0
4,15,28,179
0,0,0,0
0,0,0,0
2,6,15,196
4,15,26,223
5,28,58,146
0,0,0,0
25,51,51,51
0,0,0,0
0,14,14,134
18,48,78,353
10,15,33,287
0,0,0,0
17,34,42,317
17,42,72,347
13,41,71,346
30,60,90,180
0,0,0,0
19,46,71,313
0,0,4,5
0,0,0,0
29,59,89,364
30,47,69,344
0,0,0,0
6,28,51,259
0,0,0,0
0,0,0,0
1,12,37,127
21,51,81,173
11,26,44,281
21,40,40,147
30,60,90,365
30,60,90,365
30,60,90,365
23,53,83,83
0,0,0,252
15,25,50,50
7,29,43,152
18,18,18,74
30,60,90,365
8,21,51,288
0,0,0,0
10,24,41,240
6,12,26,116
22,33,49,288
1,1,6,259
0,0,0,0
29,59,89,364
5,14,26,185
8,34,57,261
29,59,89,90
1,6,6,91
7,28,50,227
29,59,89,89
0,0,0,0
0,0,0,0
2,23,53,136
25,50,74,323
5,10,22,219
12,37,59,334
30,60,90,365
6,6,6,6
0,0,0,0
0,0,3,3
10,28,46,119
8,17,47,300
0,0,0,0
28,58,88,363
1,7,30,80
26,56,86,361
5,23,47,287
28,56,86,86
2,4,15,120
24,42,72,347
8,35,65,339
0,0,0,95
0,0,0,0
0,0,0,0
2,5,9,188
28,45,75,329
30,60,83,328
6,24,54,318
0,0,0,0
1,10,24,257
11,18,38,306
17,20,50,139
23,49,79,354
3,8,16,249
30,60,82,357
10,35,65,317
4,20,25,229
14,44,74,134
5,17,47,302
12,17,17,43
0,0,0,0
0,4,11,141
25,52,75,350
0,0,0,24
3,7,7,7
0,0,0,0
0,0,0,0
30,60,90,365
0,0,0,0
0,0,0,0
11,16,46,321
0,0,0,0
0,0,0,102
9,30,53,319
29,59,89,364
0,0,0,0
0,0,4,5
13,35,49,221
10,40,70,71
30,60,90,365
1,6,21,137
29,55,85,360
5,21,49,316
11,23,46,222
9,39,69,159
6,26,51,311
0,2,24,266
0,0,11,286
30,60,90,365
1,1,1,225
30,60,89,359
30,60,90,179
0,0,0,0
30,60,90,365
27,57,87,362
30,60,90,365
0,0,0,0
0,0,0,0
25,50,80,338
0,9,9,9
0,0,0,0
29,59,89,364
2,7,37,216
27,57,81,356
21,41,63,150
8,28,53,316
10,21,32,267
4,7,20,228
25,55,85,360
0,0,0,0
8,20,26,263
0,0,0,0
9,12,28,59
0,0,0,0
6,30,60,331
0,0,0,0
1,20,50,70
0,23,53,328
30,60,90,90
16,39,46,291
11,12,22,281
3,3,3,3
3,7,14,70
17,46,73,341
0,0,0,0
30,56,77,345
23,53,71,346
9,17,38,304
0,0,0,0
0,7,21,143
8,16,30,294
2,3,6,114
21,23,25,139
17,41,69,340
29,59,89,179
26,56,86,86
0,0,0,0
0,5,30,30
0,0,0,0
0,4,34,309
0,0,0,0
25,45,65,324
0,0,0,0
0,0,0,187
9,39,46,314
0,0,0,0
0,0,0,0
0,0,0,0
14,24,54,54
23,29,29,265
27,57,87,87
0,0,0,0
23,45,65,65
17,41,69,340
13,25,44,108
8,22,49,303
1,7,20,180
6,10,14,49
0,5,6,124
27,48,78,78
0,0,0,0
29,59,89,364
23,53,83,358
3,12,24,275
0,0,0,0
3,4,18,220
0,0,0,0
28,58,88,363
0,0,4,193
0,0,0,0
16,27,55,301
22,46,76,351
29,59,89,364
0,0,0,0
0,0,0,0
16,31,39,294
0,0,2,277
11,11,11,253
30,60,90,365
11,41,71,346
10,20,50,299
29,59,89,364
8,28,55,299
0,15,28,212
0,0,18,29
0,0,0,0
24,49,49,49
2,11,15,154
29,59,89,89
0,0,0,0
0,8,31,258
0,0,0,240
0,0,9,199
0,0,0,0
4,34,64,267
23,50,64,238
15,30,31,100
8,28,58,135
26,51,77,300
14,19,41,235
23,53,83,358
0,0,0,0
0,0,0,0
0,0,0,0
0,0,0,157
30,60,90,365
0,0,0,0
0,0,0,0
23,50,80,261
16,16,17,282
2,2,2,2
0,12,42,283
20,31,61,336
2,32,40,305
30,60,90,365
0,0,0,139
18,48,78,353
20,37,50,275
0,0,0,0
9,20,20,20
29,59,89,364
0,0,0,0
28,54,82,351
0,0,0,0
0,0,0,0
0,0,0,0
0,0,0,0
0,0,0,0
17,35,63,322
21,47,77,352
30,60,90,365
0,0,0,0
7,37,67,87
30,60,90,365
7,18,48,323
0,0,0,0
0,1,1,127
0,0,0,0
9,29,59,224
24,45,74,74
0,0,0,0
0,0,0,0
30,60,90,365
7,29,53,53
8,20,26,243
30,60,90,365
15,30,45,215
17,47,77,352
0,0,0,0
6,36,66,341
30,60,90,90
0,0,0,0
30,53,73,343
0,0,0,0
30,60,90,365
0,0,0,0
0,0,0,0
0,0,0,0
0,0,0,0
0,4,7,76
30,60,90,365
